-- MySQL dump 10.13  Distrib 8.0.21, for Win64 (x86_64)
--
-- Host: 127.0.0.1    Database: business_platform
-- ------------------------------------------------------
-- Server version	8.0.21

/*!40101 SET @OLD_CHARACTER_SET_CLIENT=@@CHARACTER_SET_CLIENT */;
/*!40101 SET @OLD_CHARACTER_SET_RESULTS=@@CHARACTER_SET_RESULTS */;
/*!40101 SET @OLD_COLLATION_CONNECTION=@@COLLATION_CONNECTION */;
/*!50503 SET NAMES utf8mb4 */;
/*!40103 SET @OLD_TIME_ZONE=@@TIME_ZONE */;
/*!40103 SET TIME_ZONE='+00:00' */;
/*!40014 SET @OLD_UNIQUE_CHECKS=@@UNIQUE_CHECKS, UNIQUE_CHECKS=0 */;
/*!40014 SET @OLD_FOREIGN_KEY_CHECKS=@@FOREIGN_KEY_CHECKS, FOREIGN_KEY_CHECKS=0 */;
/*!40101 SET @OLD_SQL_MODE=@@SQL_MODE, SQL_MODE='NO_AUTO_VALUE_ON_ZERO' */;
/*!40111 SET @OLD_SQL_NOTES=@@SQL_NOTES, SQL_NOTES=0 */;

--
-- Table structure for table `department`
--

DROP TABLE IF EXISTS `department`;
/*!40101 SET @saved_cs_client     = @@character_set_client */;
/*!50503 SET character_set_client = utf8mb4 */;
CREATE TABLE `department` (
  `id` int NOT NULL AUTO_INCREMENT,
  `department_name` varchar(40) NOT NULL,
  `description` varchar(255) DEFAULT NULL COMMENT '部门简述',
  `department_leader` int DEFAULT NULL COMMENT '部门负责人',
  `department_region` varchar(255) DEFAULT NULL COMMENT '负责区域',
  PRIMARY KEY (`id`)
) ENGINE=InnoDB AUTO_INCREMENT=12 DEFAULT CHARSET=utf8mb4 COLLATE=utf8mb4_0900_ai_ci COMMENT='部门表';
/*!40101 SET character_set_client = @saved_cs_client */;

--
-- Dumping data for table `department`
--

LOCK TABLES `department` WRITE;
/*!40000 ALTER TABLE `department` DISABLE KEYS */;
INSERT INTO `department` VALUES (1,'销售部','',356,'华北地区'),(2,'研发部','',548,'全国'),(3,'产品部','负责用户体验与产品迭代',1,'全国'),(4,'售后部','',469,'华北地区'),(5,'运营部','',477,'线上'),(6,'运维部','',499,'内部'),(7,'董事会','',547,'内部'),(8,'安保部','负责公司安保',1,'内部');
/*!40000 ALTER TABLE `department` ENABLE KEYS */;
UNLOCK TABLES;

--
-- Table structure for table `employee`
--

DROP TABLE IF EXISTS `employee`;
/*!40101 SET @saved_cs_client     = @@character_set_client */;
/*!50503 SET character_set_client = utf8mb4 */;
CREATE TABLE `employee` (
  `id` int NOT NULL AUTO_INCREMENT,
  `username` varchar(40) NOT NULL COMMENT '用户名',
  `password` varchar(40) NOT NULL,
  `name` varchar(20) NOT NULL,
  `address` varchar(255) DEFAULT NULL,
  `gender` tinyint NOT NULL,
  `phone` varchar(20) DEFAULT NULL,
  `email` varchar(40) DEFAULT NULL,
  `department` int DEFAULT NULL,
  `position` varchar(40) DEFAULT NULL,
  `role` varchar(30) DEFAULT NULL,
  `birthday` datetime DEFAULT NULL,
  `id_card` varchar(40) NOT NULL,
  `school` varchar(40) DEFAULT NULL,
  `contract_start_date` datetime DEFAULT NULL,
  `quit_date` datetime DEFAULT NULL,
  `work_age` int DEFAULT NULL,
  `status` tinyint(1) NOT NULL DEFAULT '0' COMMENT '冻结状态',
  `remark` varchar(255) DEFAULT NULL COMMENT '备注',
  PRIMARY KEY (`id`)
) ENGINE=InnoDB AUTO_INCREMENT=610 DEFAULT CHARSET=utf8mb4 COLLATE=utf8mb4_0900_ai_ci COMMENT='员工表';
/*!40101 SET character_set_client = @saved_cs_client */;

--
-- Dumping data for table `employee`
--

LOCK TABLES `employee` WRITE;
/*!40000 ALTER TABLE `employee` DISABLE KEYS */;
INSERT INTO `employee` VALUES (1,'jorybeast','14e1b600b1fd579f47433b88e8d85291','范昊','华北理工大学',0,'15534346565','test@foxmail.com',2,'管理员','admin','2020-11-04 00:00:00','sdasd','aaa','2020-11-05 00:00:00',NULL,0,0,''),(2,'admin1','e10adc3949ba59abbe56e057f20f883e','超级管理员','华北理工大学',1,'15534346565','test@foxmail.com',1,'管理员','admin','2020-11-06 09:51:04','sdasd','aaa','2020-11-05 00:00:00',NULL,0,0,''),(3,'admin','e10adc3949ba59abbe56e057f20f883e','超级管理员','华北理工大学',1,'15534346565','test@foxmail.com',1,'管理员','admin','2020-11-15 21:46:35','sdasd','aaa','2020-11-05 00:00:00','2020-11-15 21:46:56',0,0,''),(357,'wangzepeng','123456','王泽鹏','河北省保定市',0,'15231353126','jorybeast97@foxmail.com',2,'研发人员','admin','2020-11-04 00:00:00','WZP_ASKDAPA','华北电力大学','2020-11-18 00:00:00',NULL,7,0,''),(458,'00dce59f-a135-4f4a-815d-8d4dab34d572','e10adc3949ba59abbe56e057f20f883e','阮竟','华北理工大学:8100923号',1,'14478508652','qoia5txm@126.com',5,'技术负责人','normal','2020-11-17 20:40:26','0hacf0p39t3','同济大学','2020-11-17 20:40:26',NULL,1,0,''),(459,'314193f9-24bd-43b1-ab85-7a566b8c5b74','e10adc3949ba59abbe56e057f20f883e','滑擎璺','华北理工大学:1658844866号',1,'16882204310','p6pr2sgi@163.com',5,'员工','normal','2020-11-17 20:40:27','35m8we4hbb4','桂林电子科技大学','2020-11-17 20:40:27',NULL,1,0,''),(460,'c6020722-2034-456f-a7db-19bdac5d6ed6','e10adc3949ba59abbe56e057f20f883e','方机','华中科技大学:-568667504号',0,'15980501623','5fee9wvy@qq.com',3,'总监','normal','2020-11-17 20:40:27','kv5iwzktg56','桂林电子科技大学','2020-11-17 20:40:27',NULL,1,0,''),(461,'307e7973-8611-4a05-936c-8377022b8c7a','e10adc3949ba59abbe56e057f20f883e','缪辟殚','华北电力大学:650521823号',0,'15695329265','dka70aus@gamil.com',5,'员工','normal','2020-11-17 20:40:27','d1petgw5x7l','北京邮电大学','2020-11-17 20:40:27',NULL,1,0,''),(462,'2bacf2d5-b137-4ed0-a39f-ecef52b0c23b','e10adc3949ba59abbe56e057f20f883e','邬瞥锴','河北工业大学:-1671272690号',0,'17553112967','xi3hx02p@163.com',5,'员工','normal','2020-11-17 20:40:27','x2rhks254xo','河北大学','2020-11-17 20:40:27',NULL,1,0,''),(463,'748c3e46-782e-4293-a920-8130d5c12eee','e10adc3949ba59abbe56e057f20f883e','周音','华中科技大学:218838753号',0,'14342069253','gerb507u@gamil.com',5,'总监','normal','2020-11-17 20:40:27','i0pkwel88vl','厦门大学','2020-11-17 20:40:27',NULL,1,0,''),(464,'ebaaf03d-b3f0-48ff-bbd9-51bfc95ac8e9','e10adc3949ba59abbe56e057f20f883e','倪埕饵','华南理工大学:1275651427号',1,'16793336831','8i0ke9j8@foxmail.com',4,'项目经理','normal','2020-11-17 20:40:27','chbx94n0gpu','复旦大学','2020-11-17 20:40:27',NULL,1,0,''),(465,'8adeb882-16ef-484a-95ac-974a76beb83d','e10adc3949ba59abbe56e057f20f883e','尹鲰','桂林电子科技大学:1386714023号',0,'14793414853','qvark221@126.com',1,'员工','normal','2020-11-17 20:40:27','8dsogc6sbiz','北京电子科技大学','2020-11-17 20:40:27',NULL,1,0,''),(467,'ebdd80ed-9f0e-40c7-96ba-914a3ac6b2f8','e10adc3949ba59abbe56e057f20f883e','伏请','东北大学:235200011号',0,'15655480352','svc0huaq@foxmail.com',5,'技术负责人','normal','2020-11-17 20:40:27','dqt6qb9w7vq','东北大学','2020-11-17 20:40:27',NULL,1,0,''),(468,'794ad234-18af-4df2-8de5-370777d82475','e10adc3949ba59abbe56e057f20f883e','禹徵','浙江大学:-1638357689号',1,'15694700785','3yjbk48i@gamil.com',6,'员工','normal','2020-11-17 20:40:27','l6hyup20a5e','华北电力大学','2020-11-17 20:40:27',NULL,1,0,''),(469,'64182ad7-e4e9-4aab-87f9-6908670cb6df','e10adc3949ba59abbe56e057f20f883e','潘铫','北京邮电大学:1011146816号',0,'13662988805','3as849kr@163.com',5,'技术负责人','normal','2020-11-17 20:40:27','4xyw6bchfzp','山东大学','2020-11-17 20:40:27',NULL,1,0,''),(470,'a797f8e6-6112-4814-8a3a-9601fd7ffcd1','e10adc3949ba59abbe56e057f20f883e','贝箸','同济大学:2097274431号',1,'16090757624','k0qvna8a@qq.com',6,'项目经理','normal','2020-11-17 20:40:27','dwxtb6h14t8','天津大学','2020-11-17 20:40:27',NULL,1,0,''),(471,'f69fa5df-7595-4272-8331-3869499384ea','e10adc3949ba59abbe56e057f20f883e','邓袭蕨','山东大学:-1962245836号',1,'15073435627','9lmmmb4u@163.com',6,'员工','normal','2020-11-17 20:40:27','1ogzji7275g','北京大学','2020-11-17 20:40:27',NULL,1,0,''),(472,'2ba51095-ba8e-4bd5-86f3-ad065e5a67dd','e10adc3949ba59abbe56e057f20f883e','常冶','厦门大学:773391307号',0,'13808218329','tdc2hgjc@qq.com',4,'总监','normal','2020-11-17 20:40:27','zszbrzqbr7h','华南理工大学','2020-11-17 20:40:27',NULL,1,0,''),(473,'bc55ca11-94c6-47fd-a21c-563b680fa20d','e10adc3949ba59abbe56e057f20f883e','王玑祈','四川大学:-1297049424号',0,'15213145547','q7u9mumr@163.com',6,'员工','normal','2020-11-17 20:40:27','co3a5qjtu0b','复旦大学','2020-11-17 20:40:27',NULL,1,0,''),(474,'ff34a492-f04f-459e-b6ac-b7d1a7eea591','e10adc3949ba59abbe56e057f20f883e','周旺巧','华北电力大学:-1847269124号',1,'17172687333','n5nnj8wa@foxmail.com',1,'总监','normal','2020-11-17 20:40:27','vxq05v59lsb','同济大学','2020-11-17 20:40:27',NULL,1,0,''),(475,'9bb4da7a-e925-4581-aff1-73a33442e770','e10adc3949ba59abbe56e057f20f883e','苏溶霭','北京大学:-531967580号',1,'14681308656','q696prjp@gamil.com',3,'项目经理','normal','2020-11-17 20:40:27','b6aptb0rk3c','天津大学','2020-11-17 20:40:27',NULL,1,0,''),(476,'3968cffa-fe18-4e72-978a-ee710e7b6577','e10adc3949ba59abbe56e057f20f883e','孟逋芪','河北工业大学:-1993623148号',1,'15971737028','1ahr595q@126.com',3,'员工','normal','2020-11-17 20:40:27','tlhnoed74v6','同济大学','2020-11-17 20:40:27',NULL,1,0,''),(477,'566c683b-1429-4ef5-9ec1-a371924753cd','e10adc3949ba59abbe56e057f20f883e','窦顽','重庆大学:624359977号',1,'16915462107','ys37jp2v@gamil.com',1,'总监','normal','2020-11-17 20:40:27','optz0k8uszi','南京大学','2020-11-17 20:40:27',NULL,1,0,''),(478,'2451519f-b02b-4ff2-a92d-a934e7445a24','e10adc3949ba59abbe56e057f20f883e','俞狳','人民大学:1633212508号',0,'15844591485','rpxwk853@qq.com',3,'总监','normal','2020-11-17 20:40:27','07g4vij3ex9','河北大学','2020-11-17 20:40:27',NULL,1,0,''),(479,'3eed5683-c5bc-47e5-b784-5d53f2ede8f0','e10adc3949ba59abbe56e057f20f883e','明谤','杭州电子科技大学:1152309144号',0,'17359134633','4eaa4pnd@163.com',2,'项目经理','normal','2020-11-17 20:40:27','ij9xtkj25bw','山西大学','2020-11-17 20:40:27',NULL,1,0,''),(480,'dd309aaa-1676-4955-afdf-4df2e7ceb454','e10adc3949ba59abbe56e057f20f883e','华甄','哈尔滨工业大学:-645327811号',0,'16948132620','58h8udjo@foxmail.com',1,'员工','normal','2020-11-17 20:40:27','s5yul2lunat','山东大学','2020-11-17 20:40:27',NULL,1,0,''),(481,'8bcd8609-7175-4f5a-9f5d-fcc249afa482','e10adc3949ba59abbe56e057f20f883e','吉自挞','河北工业大学:-345599684号',0,'15102137489','43761nvn@gamil.com',3,'技术负责人','normal','2020-11-17 20:40:27','29dkcr0jkug','清华大学','2020-11-17 20:40:27',NULL,1,0,''),(482,'ea4b4fc2-eca6-4507-aac8-2e945900e6ed','e10adc3949ba59abbe56e057f20f883e','柯昴','河北工业大学:768993871号',1,'17263040993','1tt4e15a@163.com',5,'项目经理','normal','2020-11-17 20:40:27','2djx3jacpkw','人民大学','2020-11-17 20:40:27',NULL,1,0,''),(483,'756bc376-4b75-420e-8371-e16121560991','e10adc3949ba59abbe56e057f20f883e','许鸯','上海交通大学:928096241号',0,'13775414764','j44623vp@foxmail.com',3,'项目经理','normal','2020-11-17 20:40:27','p3hvq5wvrer','东北大学','2020-11-17 20:40:27',NULL,1,0,''),(484,'099cae12-4932-4bce-9b6d-95ea0e5893b7','e10adc3949ba59abbe56e057f20f883e','路作','苏州大学:-215453664号',0,'16662037746','p86ldnle@foxmail.com',2,'总监','normal','2020-11-17 20:40:27','1prngtdl69x','同济大学','2020-11-17 20:40:27',NULL,1,0,''),(485,'5ded655b-c104-4ad0-baba-d2081ba1bea5','e10adc3949ba59abbe56e057f20f883e','骆鼐萆','华南理工大学:-1462631439号',0,'17302159038','aaiyri9n@foxmail.com',2,'总监','normal','2020-11-17 20:40:27','y3lx7u5y0l4','北京大学','2020-11-17 20:40:27',NULL,1,0,''),(486,'0bead660-0901-43a6-8fe2-8904aa71e05c','e10adc3949ba59abbe56e057f20f883e','元礞','华中科技大学:950106783号',0,'16526423561','3sxcnspy@163.com',1,'总监','normal','2020-11-17 20:40:27','6ai7k7if5fg','华中科技大学','2020-11-17 20:40:27',NULL,1,0,''),(487,'d6a0f7f3-f412-4610-8d5d-5e2c1bafa000','e10adc3949ba59abbe56e057f20f883e','裘砖','东北大学:-2004969445号',1,'15120838484','ruuif4pu@163.com',4,'项目经理','normal','2020-11-17 20:40:27','s2gzsak76kz','上海交通大学','2020-11-17 20:40:27',NULL,1,0,''),(488,'91f4309c-2f32-465a-b6e7-f56ca004e570','e10adc3949ba59abbe56e057f20f883e','唐藿漪','清华大学:-446331478号',0,'15045316569','m1v02vag@163.com',6,'总监','normal','2020-11-17 20:40:27','w8fb8v683z3','天津大学','2020-11-17 20:40:27',NULL,1,0,''),(489,'80b09009-db9a-45fb-8cee-b2820f2a2b0a','e10adc3949ba59abbe56e057f20f883e','计婺','复旦大学:-1905353937号',1,'17544516720','i2sh52xa@163.com',2,'项目经理','normal','2020-11-17 20:40:27','524rgqrqazp','华南理工大学','2020-11-17 20:40:27',NULL,1,0,''),(490,'0db9c353-0316-4ee1-97cb-02a300d45359','e10adc3949ba59abbe56e057f20f883e','赵滂','哈尔滨工业大学:1058745168号',0,'17032417383','ja6jz0k3@gamil.com',2,'技术负责人','normal','2020-11-17 20:40:27','grggq3jayrc','浙江大学','2020-11-17 20:40:27',NULL,1,0,''),(491,'bca10f19-3886-467b-b46f-78cce25b7abd','e10adc3949ba59abbe56e057f20f883e','干靡','苏州大学:-184254642号',1,'16219814424','b7jmmlxh@gamil.com',2,'总监','normal','2020-11-17 20:40:27','u0erhxdytkt','北京理工大学','2020-11-17 20:40:27',NULL,1,0,''),(492,'e65f8e78-531b-4197-ad7d-0df2ffc06408','e10adc3949ba59abbe56e057f20f883e','汤腊瀛','人民大学:-390643949号',0,'14521671782','bp8i82pv@foxmail.com',1,'总监','normal','2020-11-17 20:40:27','0nc1nrdgzia','复旦大学','2020-11-17 20:40:27',NULL,1,0,''),(493,'82ef10db-afee-49d4-8fa5-79c83c151889','e10adc3949ba59abbe56e057f20f883e','任摧愧','大连理工大学:1262811555号',1,'14196583362','nooaq184@163.com',1,'项目经理','normal','2020-11-17 20:40:27','4qlcl4gd9dx','华南理工大学','2020-11-17 20:40:27',NULL,1,0,''),(494,'f5e17504-d567-4c57-9288-a59d96a693b6','e10adc3949ba59abbe56e057f20f883e','茅聍','河北大学:916883037号',0,'15649141989','r8y2d59l@gamil.com',1,'项目经理','normal','2020-11-17 20:40:27','k5s9i2dpsve','苏州大学','2020-11-17 20:40:27',NULL,1,0,''),(495,'52e12034-4954-40a2-bcd7-a0fb8ca6447a','e10adc3949ba59abbe56e057f20f883e','舒四多','上海交通大学:828352126号',0,'14706616219','p7fse0xi@163.com',5,'技术负责人','normal','2020-11-17 20:40:27','1du485tnftp','南京大学','2020-11-17 20:40:27',NULL,1,0,''),(496,'17f78df2-49ae-4fd0-8e0c-81f40027c95e','e10adc3949ba59abbe56e057f20f883e','万谢迟','华南理工大学:-896884182号',0,'15854318769','b4ka2eu8@gamil.com',6,'技术负责人','normal','2020-11-17 20:40:27','w3bix86t0o1','南开大学','2020-11-17 20:40:27',NULL,1,0,''),(497,'9c5e598e-6c26-4b96-baea-964f543ec891','e10adc3949ba59abbe56e057f20f883e','凌苄','清华大学:236764287号',0,'15607135581','szrxn88b@qq.com',4,'总监','normal','2020-11-17 20:40:27','visv3iwn2y9','河北大学','2020-11-17 20:40:27',NULL,1,0,''),(498,'2c6cbd65-9b84-435d-844a-3797fd09f7fa','e10adc3949ba59abbe56e057f20f883e','米矜','华北理工大学:-996121743号',1,'17133038543','pks9w3zr@163.com',5,'技术负责人','normal','2020-11-17 20:40:27','lrrcyso4251','电子科技大学','2020-11-17 20:40:27',NULL,1,0,''),(499,'ec27f584-b8fd-4ce2-84e5-47db300e1999','e10adc3949ba59abbe56e057f20f883e','萧茹','山西大学:-2109770909号',1,'14742420290','8c9zo4d6@foxmail.com',5,'总监','normal','2020-11-17 20:40:27','h4qu65ippk6','河北工业大学','2020-11-17 20:40:27',NULL,1,0,''),(500,'abd9d635-1a46-40f1-a669-ec156205ae55','e10adc3949ba59abbe56e057f20f883e','葛鹩','北京外国语大学:-838117753号',1,'15391556187','zxcoe7wy@126.com',3,'总监','normal','2020-11-17 20:40:27','jt8h53mmj7w','南京大学','2020-11-17 20:40:27',NULL,1,0,''),(501,'cea03247-281d-41f2-92a1-5fb82ab067d7','e10adc3949ba59abbe56e057f20f883e','屈色','华中科技大学:-1050830549号',1,'14517634328','u66is7lp@126.com',1,'技术负责人','normal','2020-11-17 20:40:27','16zzl0ip8ng','上海交通大学','2020-11-17 20:40:27',NULL,1,0,''),(502,'3fc4f1df-a1ef-4308-b5ad-2ba111bf4f12','e10adc3949ba59abbe56e057f20f883e','裴辖','北京电子科技大学:183360354号',0,'15048948210','dau0fmg2@qq.com',1,'总监','normal','2020-11-17 20:40:27','w5zyc8iwwlf','北京理工大学','2020-11-17 20:40:27',NULL,1,0,''),(503,'29ecf904-7be1-4e13-a54f-3e1304cb2715','e10adc3949ba59abbe56e057f20f883e','祝凼绳','人民大学:-1064755589号',0,'17679708356','vbcyvpa7@gamil.com',3,'技术负责人','normal','2020-11-17 20:40:27','kkjsyb3cb6r','华北电力大学','2020-11-17 20:40:27',NULL,1,0,''),(504,'1567ebf6-0f8a-4b86-b598-43677d7e4812','e10adc3949ba59abbe56e057f20f883e','酆醯','武汉大学:-981080281号',1,'13880834142','kwtrow02@qq.com',4,'总监','normal','2020-11-17 20:40:27','ydhi6expnne','人民大学','2020-11-17 20:40:27',NULL,1,0,''),(505,'8ea4a5f4-922a-4adf-8a87-facb8b1d510b','e10adc3949ba59abbe56e057f20f883e','舒笺','清华大学:6445495号',1,'17240861687','gq8o7ia7@163.com',3,'总监','normal','2020-11-17 20:40:27','9rz49k6zeaq','复旦大学','2020-11-17 20:40:27',NULL,1,0,''),(506,'ff065240-4c89-4f41-9d29-a9e0c8804191','e10adc3949ba59abbe56e057f20f883e','周菏享','杭州电子科技大学:-1750426654号',0,'16591950224','wiudfly2@gamil.com',3,'员工','normal','2020-11-17 20:40:27','fgjelut52x0','华南理工大学','2020-11-17 20:40:27',NULL,1,0,''),(507,'1745dc5a-ece6-417e-8685-6fda171c7ac1','e10adc3949ba59abbe56e057f20f883e','房椟犷','北京大学:-2100064508号',1,'14535671137','9eyi5wut@qq.com',6,'员工','normal','2020-11-17 20:40:27','t9pxhqz3ngf','北京航空航天大学','2020-11-17 20:40:27',NULL,1,0,''),(508,'e9f0495e-db56-4420-bd11-39c022d31a65','e10adc3949ba59abbe56e057f20f883e','褚婶鋈','华北电力大学:-465596562号',0,'17670488493','9i2ye2vi@126.com',5,'员工','normal','2020-11-17 20:40:27','fngl3pld838','北京科技大学','2020-11-17 20:40:27',NULL,1,0,''),(509,'46be34a7-5a6e-4629-b181-0628c96022a5','e10adc3949ba59abbe56e057f20f883e','刁钙成','桂林电子科技大学:2128433522号',1,'16236669072','ezzqq5s9@126.com',3,'总监','normal','2020-11-17 20:40:27','ivf8918hz44','人民大学','2020-11-17 20:40:27',NULL,1,0,''),(510,'f53ebddc-4e16-44d4-bddc-af3e31376b84','e10adc3949ba59abbe56e057f20f883e','强椽谴','北京外国语大学:-1565241023号',1,'16941577550','ncgqa5ny@163.com',2,'员工','normal','2020-11-17 20:40:27','kr52s3debqp','河北工业大学','2020-11-17 20:40:27',NULL,1,0,''),(511,'4ce79b6f-a1b9-4ad4-a9ec-fe222a11a990','e10adc3949ba59abbe56e057f20f883e','缪当咬','清华大学:-1232352697号',0,'16206660115','2xv22cmx@foxmail.com',5,'员工','normal','2020-11-17 20:40:27','r1wfkcmrhky','北京大学','2020-11-17 20:40:27',NULL,1,0,''),(512,'bba74b3c-6260-4606-9d4b-0c271ef5f634','e10adc3949ba59abbe56e057f20f883e','柯鲠','北京大学:1688414707号',1,'16820724349','es2u8h3j@126.com',3,'技术负责人','normal','2020-11-17 20:40:27','z2p78lp9z65','苏州大学','2020-11-17 20:40:27',NULL,1,0,''),(513,'a8a39547-5bd1-4be2-a98b-f258e861fac5','e10adc3949ba59abbe56e057f20f883e','庞刎','浙江大学:-797897287号',0,'16055761551','8kryd8r4@foxmail.com',3,'总监','normal','2020-11-17 20:40:27','bazl8k0694k','厦门大学','2020-11-17 20:40:27',NULL,1,0,''),(514,'d30a46e0-4e24-49ac-a9cc-3d2673d791aa','e10adc3949ba59abbe56e057f20f883e','苗奖磉','上海交通大学:-1652858436号',1,'13645591385','irfkd4tr@163.com',1,'员工','normal','2020-11-17 20:40:27','1efexftamln','厦门大学','2020-11-17 20:40:27',NULL,1,0,''),(515,'f6d419e1-0df3-46dc-83b5-c9649a5e41e7','e10adc3949ba59abbe56e057f20f883e','柯宿淡','北京外国语大学:1170352420号',0,'16349770970','wbb81yz7@126.com',6,'员工','normal','2020-11-17 20:40:27','lwgi3el79bw','吉林大学','2020-11-17 20:40:27',NULL,1,0,''),(516,'72121b9a-7319-4cbc-bffd-3d36d05ca817','e10adc3949ba59abbe56e057f20f883e','时幄','北京理工大学:-1521959317号',0,'15231325134','za5p13vs@gamil.com',1,'项目经理','normal','2020-11-17 20:40:27','smmatm09ac7','山东大学','2020-11-17 20:40:27',NULL,1,0,''),(517,'6ea558f2-8e81-4946-9fe7-5930cab5a313','e10adc3949ba59abbe56e057f20f883e','莫唾蚶','清华大学:-1510959779号',0,'17618765403','5sl60k5b@qq.com',2,'员工','normal','2020-11-17 20:40:27','bh1rxo7jx6x','杭州电子科技大学','2020-11-17 20:40:27',NULL,1,0,''),(518,'45e5c1c0-8cad-4859-b287-b5d585f50bc1','e10adc3949ba59abbe56e057f20f883e','贾地窒','重庆大学:351716399号',1,'17040159841','orap9fa9@qq.com',4,'总监','normal','2020-11-17 20:40:27','o64eiljxqwy','南开大学','2020-11-17 20:40:27',NULL,1,0,''),(519,'9186c693-d141-47b8-94d5-840e8158720c','e10adc3949ba59abbe56e057f20f883e','邱掘','南开大学:1438500968号',0,'14442340888','ibluayof@foxmail.com',1,'项目经理','normal','2020-11-17 20:40:27','yktjyaodol1','吉林大学','2020-11-17 20:40:27',NULL,1,0,''),(520,'50d88377-70c9-4906-b480-a6e69efba41c','e10adc3949ba59abbe56e057f20f883e','骆酶刊','北京电子科技大学:145836192号',0,'15802940421','jo05ka0f@gamil.com',1,'技术负责人','normal','2020-11-17 20:40:27','esw5h79bnmj','哈尔滨工业大学','2020-11-17 20:40:27',NULL,1,0,''),(521,'009509a7-d9ad-418b-9346-f7efcc61bcfc','e10adc3949ba59abbe56e057f20f883e','宗渝','武汉大学:899180749号',0,'14868717437','ko99uqs9@qq.com',4,'员工','normal','2020-11-17 20:40:27','56h0vq704e8','北京外国语大学','2020-11-17 20:40:27',NULL,1,0,''),(522,'403a0eea-2109-463c-90ac-bc831609275b','e10adc3949ba59abbe56e057f20f883e','屈钎','河北大学:-155913233号',1,'17306823638','dk8tcjvn@foxmail.com',5,'技术负责人','normal','2020-11-17 20:40:27','bvqjd8rrq1k','人民大学','2020-11-17 20:40:27',NULL,1,0,''),(523,'2630d6e6-a620-4c3c-9254-b58ad2f987a8','e10adc3949ba59abbe56e057f20f883e','强至黄','南开大学:-1958311429号',0,'13665967405','ffbq0vbo@foxmail.com',4,'总监','normal','2020-11-17 20:40:27','ozf9genao37','吉林大学','2020-11-17 20:40:27',NULL,1,0,''),(524,'a5bdbcc4-f964-46c0-8b12-ef6238a570c9','e10adc3949ba59abbe56e057f20f883e','汪流','华北理工大学:-1968253690号',1,'17424775693','dfj1y8n5@gamil.com',1,'员工','normal','2020-11-17 20:40:27','049tyzi18ev','电子科技大学','2020-11-17 20:40:27',NULL,1,0,''),(525,'05aaf931-dafb-41b1-8091-095b855aadc3','e10adc3949ba59abbe56e057f20f883e','颜穴','南京大学:2118333816号',0,'15089763245','frli5aau@qq.com',4,'总监','normal','2020-11-17 20:40:27','0ta1y4hlblc','山东大学','2020-11-17 20:40:27',NULL,1,0,''),(526,'bf60568e-82e3-4a65-9c05-22220ce93bcc','e10adc3949ba59abbe56e057f20f883e','熊腮','天津大学:-1309154422号',1,'14996942695','09k9whqx@126.com',6,'技术负责人','normal','2020-11-17 20:40:27','v762jwnd0nn','山西大学','2020-11-17 20:40:27',NULL,1,0,''),(527,'f0627b0c-889e-4313-9d22-9c14479b7b24','e10adc3949ba59abbe56e057f20f883e','缪圬','重庆大学:-1713875659号',1,'15853738587','r6xdt8kx@qq.com',2,'项目经理','normal','2020-11-17 20:40:27','ni3f5pmprqn','北京科技大学','2020-11-17 20:40:27',NULL,1,0,''),(528,'23679941-bcbe-4fab-9dfb-f3559ef3b413','e10adc3949ba59abbe56e057f20f883e','洪帧','上海交通大学:1163258197号',0,'16545174823','mkrhwyqe@163.com',5,'总监','normal','2020-11-17 20:40:27','pf16y0mf12z','复旦大学','2020-11-17 20:40:27',NULL,1,0,''),(529,'65342624-85b0-45d7-88b5-affe20744ba4','e10adc3949ba59abbe56e057f20f883e','徐跞','同济大学:1161200991号',0,'17278041508','fra9zzud@qq.com',2,'项目经理','normal','2020-11-17 20:40:27','yem6gac7j6z','天津大学','2020-11-17 20:40:27',NULL,1,0,''),(530,'cb1a9db2-9438-4888-8dd9-2b7c7da3c6e2','e10adc3949ba59abbe56e057f20f883e','郭沂','华南理工大学:-1238920980号',1,'16702097076','gzmo8vsm@qq.com',6,'项目经理','normal','2020-11-17 20:40:27','rquhu4lgmfi','北京邮电大学','2020-11-17 20:40:27',NULL,1,0,''),(531,'df11ee4f-f93d-4dda-93b7-bf8383fd3f33','e10adc3949ba59abbe56e057f20f883e','齐迥','桂林电子科技大学:839105877号',0,'15336108998','mc1k6zne@qq.com',6,'技术负责人','normal','2020-11-17 20:40:27','rbdcjmmwp82','南开大学','2020-11-17 20:40:27',NULL,1,0,''),(532,'43cd5104-891e-4fad-ab85-dd3c17a64aac','e10adc3949ba59abbe56e057f20f883e','湛歙獒','苏州大学:802321050号',1,'15683333680','txmgq8ae@126.com',1,'项目经理','normal','2020-11-17 20:40:27','ktagalqt3v2','哈尔滨工业大学','2020-11-17 20:40:27',NULL,1,0,''),(533,'d7ed6241-4e50-4e0e-a6c4-dcb292f6c2b8','e10adc3949ba59abbe56e057f20f883e','钱娴耕','河北大学:-788180603号',0,'15097403384','hs2d2jeo@126.com',2,'员工','normal','2020-11-17 20:40:27','eulegwwlfl8','桂林电子科技大学','2020-11-17 20:40:27',NULL,1,0,''),(534,'59e3a17d-8f89-4b38-8041-93d2c6a9fc73','e10adc3949ba59abbe56e057f20f883e','骆镇烙','华南理工大学:-836436006号',1,'16696389570','2jijzdc9@126.com',6,'总监','normal','2020-11-17 20:40:27','p300bsue7kk','北京外国语大学','2020-11-17 20:40:27',NULL,1,0,''),(535,'5c19e531-b828-4f16-ad5f-3e9738671f30','e10adc3949ba59abbe56e057f20f883e','缪磨','华南理工大学:6956169号',1,'16756590238','ubkt2n4t@163.com',6,'总监','normal','2020-11-17 20:40:27','pdomuojfvlp','北京大学','2020-11-17 20:40:27',NULL,1,0,''),(536,'60310e44-ef62-4bed-8ee0-7585b188de2c','e10adc3949ba59abbe56e057f20f883e','吕舢','电子科技大学:2040845050号',0,'15769955804','adcwo621@qq.com',3,'技术负责人','normal','2020-11-17 20:40:27','yi727ubi9fy','北京大学','2020-11-17 20:40:27',NULL,1,0,''),(537,'73d2006e-8cbe-47ac-8a5f-801c7769b404','e10adc3949ba59abbe56e057f20f883e','毕心铞','武汉大学:2093096356号',1,'15346943508','vn0vxx93@163.com',5,'总监','normal','2020-11-17 20:40:27','s77s1j6ebwh','人民大学','2020-11-17 20:40:27',NULL,1,0,''),(538,'38310286-c221-4853-a0f2-2f270d07e891','e10adc3949ba59abbe56e057f20f883e','缪鲐哿','山东大学:642344014号',1,'17135320284','3imkzjww@126.com',2,'员工','normal','2020-11-17 20:40:27','93cr5felppt','同济大学','2020-11-17 20:40:27',NULL,1,0,''),(539,'ff17b57c-2548-4ef2-83c6-46f248cc96ce','e10adc3949ba59abbe56e057f20f883e','危最转','哈尔滨工业大学:1744711317号',0,'17315858287','hkg6oua2@126.com',5,'技术负责人','normal','2020-11-17 20:40:27','cgru4n6vnp4','浙江大学','2020-11-17 20:40:27',NULL,1,0,''),(540,'ed9185d2-69d4-4963-a8a1-d4cf75fd5953','e10adc3949ba59abbe56e057f20f883e','花栊疬','华北电力大学:-201169439号',0,'13712145344','6gfco126@foxmail.com',1,'员工','normal','2020-11-17 20:40:27','t81voasr4lg','华中科技大学','2020-11-17 20:40:27',NULL,1,0,''),(541,'8504de52-1d35-4ed8-a06e-396cf5c3bdfa','e10adc3949ba59abbe56e057f20f883e','狄笕','复旦大学:-881909543号',0,'17530283156','22cgx430@foxmail.com',4,'项目经理','normal','2020-11-17 20:40:27','ks3mjg0kfy2','四川大学','2020-11-17 20:40:27',NULL,1,0,''),(542,'1f31b7f1-41f4-4c71-a397-ad5dcc24a3e2','e10adc3949ba59abbe56e057f20f883e','经苞','北京邮电大学:595676109号',0,'16618651717','l990hwdc@gamil.com',6,'技术负责人','normal','2020-11-17 20:40:27','4vhse8r6e22','电子科技大学','2020-11-17 20:40:27',NULL,1,0,''),(543,'b67b2cfe-3133-420b-8d4f-5cc4cdba3bc9','e10adc3949ba59abbe56e057f20f883e','云泰','山西大学:-1302430279号',1,'14599056782','pv1l6lqa@126.com',4,'员工','normal','2020-11-17 20:40:27','n798uavo30w','清华大学','2020-11-17 20:40:27',NULL,1,0,''),(544,'db80e429-9c1f-41a7-bb70-f50d93e3ced9','e10adc3949ba59abbe56e057f20f883e','石筒','浙江大学:-391842254号',1,'14915968667','x4yewmhi@gamil.com',2,'员工','normal','2020-11-17 20:40:27','iyrogabe407','华北电力大学','2020-11-17 20:40:27',NULL,1,0,''),(545,'87cb2d03-1a8a-4c24-b9c1-0b4128d331f9','e10adc3949ba59abbe56e057f20f883e','萧条','天津大学:-567567644号',0,'14757140218','f3gf6j1t@163.com',2,'员工','normal','2020-11-17 20:40:27','i2j7xqa89i8','华北电力大学','2020-11-17 20:40:27',NULL,1,0,''),(546,'396cf73f-891a-417e-a421-1abc55fba86e','e10adc3949ba59abbe56e057f20f883e','平贸','东北大学:1660467999号',1,'17495502962','npa18628@126.com',6,'总监','normal','2020-11-17 20:40:27','pmh5cmla2om','同济大学','2020-11-17 20:40:27',NULL,1,0,''),(547,'adfc0534-02f0-45f3-8503-415c764d414a','e10adc3949ba59abbe56e057f20f883e','许剽','复旦大学:-873110344号',1,'16336214593','n6dkl7ue@126.com',4,'项目经理','normal','2020-11-17 20:40:27','se00w7txysi','武汉大学','2020-11-17 20:40:27',NULL,1,0,''),(548,'2820a8d9-a22c-4338-96f9-116ced12ca8a','e10adc3949ba59abbe56e057f20f883e','宣町','华中科技大学:-945686799号',1,'17098988326','yiiglm5q@163.com',4,'员工','normal','2020-11-17 20:40:27','fmnvok2cwmu','北京外国语大学','2020-11-17 20:40:27',NULL,1,0,''),(549,'2fdf6738-21bf-44c8-85c0-20fcca77b865','e10adc3949ba59abbe56e057f20f883e','云溟癫','复旦大学:-166966565号',0,'16971960653','rj01s9pc@qq.com',4,'项目经理','normal','2020-11-17 20:40:27','e4kptahnvsx','电子科技大学','2020-11-17 20:40:27',NULL,1,0,''),(550,'3379c189-2b46-4954-bc57-cfe013e02013','e10adc3949ba59abbe56e057f20f883e','何妥谆','重庆大学:877461987号',0,'16852675632','0mqc4kw9@gamil.com',6,'技术负责人','normal','2020-11-17 20:40:27','8icbky9zsh6','电子科技大学','2020-11-17 20:40:27',NULL,1,0,''),(551,'e994f91c-25f5-4057-9149-7e7beb5dfe04','e10adc3949ba59abbe56e057f20f883e','梁谥迈','复旦大学:-820919476号',0,'14898099201','38vsmal5@126.com',3,'技术负责人','normal','2020-11-17 20:40:27','ag4fnud2cw0','苏州大学','2020-11-17 20:40:27',NULL,1,0,''),(552,'19238462-269b-4fcb-a322-78884123b481','e10adc3949ba59abbe56e057f20f883e','余简','厦门大学:1912843736号',0,'14578353160','o8gj9pb6@163.com',6,'技术负责人','normal','2020-11-17 20:40:27','llmfo2zuwj4','浙江大学','2020-11-17 20:40:27',NULL,1,0,''),(553,'72131b7f-5227-41ec-bed9-d688e5fead18','e10adc3949ba59abbe56e057f20f883e','何纵','北京外国语大学:-1006138100号',0,'16146221879','7dsnu3u2@163.com',1,'技术负责人','normal','2020-11-17 20:40:27','xk1td57zm2j','浙江大学','2020-11-17 20:40:27',NULL,1,0,''),(554,'9054b52f-f3ab-4e79-9076-5bb3add53bf6','e10adc3949ba59abbe56e057f20f883e','沈昃','南开大学:-238151100号',1,'14143823700','n1ffsmau@foxmail.com',6,'技术负责人','normal','2020-11-17 20:40:27','wluu1zj70jf','四川大学','2020-11-17 20:40:27',NULL,1,0,''),(555,'ef513f7f-0800-4fcc-824d-ff30bbcd26b4','e10adc3949ba59abbe56e057f20f883e','乐赘岛','北京电子科技大学:-869375777号',1,'14529081857','8c4z7p2d@126.com',3,'总监','normal','2020-11-17 20:40:27','6ny1pu0dbmh','清华大学','2020-11-17 20:40:27',NULL,1,0,''),(556,'9eec12ab-6834-4e93-a6b3-111ff99f0200','e10adc3949ba59abbe56e057f20f883e','房锁荷','华南理工大学:1758102308号',0,'15907261229','ugyp8fzk@qq.com',3,'技术负责人','normal','2020-11-17 20:40:27','v048fkrs6qu','厦门大学','2020-11-17 20:40:27',NULL,1,0,''),(557,'cabea233-4b12-4093-9895-558b5014a006','e10adc3949ba59abbe56e057f20f883e','庞侥甾','北京大学:150764377号',0,'16275875571','anj1ceex@163.com',4,'项目经理','normal','2020-11-17 20:40:27','zlexqeoscyt','山东大学','2020-11-17 20:40:27',NULL,1,0,''),(558,'2d6e095d-2034-4297-b210-7c6e01fa6347','e10adc3949ba59abbe56e057f20f883e','倪糨蘖','华南理工大学:302827688号',0,'17612238515','36b0h7rx@gamil.com',1,'员工','normal','2020-11-17 20:40:27','qhl2l5wsoh9','清华大学','2020-11-17 20:40:27',NULL,1,0,''),(559,'46673ed2-a0a9-4654-99f5-59f5c8431626','e10adc3949ba59abbe56e057f20f883e','经墒','北京理工大学:-619981849号',0,'13851359359','v0jil91c@qq.com',1,'总监','normal','2020-11-17 20:40:27','8ig1lxje19o','北京航空航天大学','2020-11-17 20:40:27',NULL,1,0,''),(560,'30282c4d-924c-4cc1-bb49-7598506ffd31','e10adc3949ba59abbe56e057f20f883e','祁蹲','厦门大学:-241563251号',0,'14923849251','ywx7l7r2@gamil.com',1,'技术负责人','normal','2020-11-17 20:40:27','dqgim7e1phf','清华大学','2020-11-17 20:40:27',NULL,1,0,''),(561,'560e02e6-dd85-4a66-ae80-0fc08f2536ea','e10adc3949ba59abbe56e057f20f883e','缪愠','桂林电子科技大学:-180536891号',0,'14412400271','rs49vivc@foxmail.com',2,'项目经理','normal','2020-11-17 20:40:27','pm71rhefd5x','南京大学','2020-11-17 20:40:27',NULL,1,0,''),(562,'82547149-da64-42a8-8290-693fa8fce308','e10adc3949ba59abbe56e057f20f883e','单莫虾','四川大学:875250140号',1,'17172300491','1xz1628i@126.com',1,'总监','normal','2020-11-17 20:40:27','jbs83wrtnir','华南理工大学','2020-11-17 20:40:27',NULL,1,0,''),(563,'811545e8-a6ad-4386-a3c1-0102a7ba95ce','e10adc3949ba59abbe56e057f20f883e','凤参手','北京邮电大学:1479298537号',0,'14650445415','l92936us@qq.com',2,'技术负责人','normal','2020-11-17 20:40:27','2p3v7byqbtg','上海交通大学','2020-11-17 20:40:27',NULL,1,0,''),(564,'616031d6-d40e-4aa1-b336-9248844fd056','e10adc3949ba59abbe56e057f20f883e','时摆','重庆大学:634753635号',1,'16192864762','cnhp83xk@qq.com',2,'员工','normal','2020-11-17 20:40:27','p3v8cnd5ae4','杭州电子科技大学','2020-11-17 20:40:27',NULL,1,0,''),(565,'3960f1e7-4841-4abb-980e-adf658a29b1e','e10adc3949ba59abbe56e057f20f883e','虞罱','东北大学:-780780876号',1,'14156651365','qb6rqz03@foxmail.com',1,'总监','normal','2020-11-17 20:40:27','us91ik8aa1g','河北大学','2020-11-17 20:40:27',NULL,1,0,''),(566,'646d0e18-dc4c-4cf6-b449-156baf11ab47','e10adc3949ba59abbe56e057f20f883e','卜画','北京理工大学:711353964号',1,'14644433110','yfbcb8eb@foxmail.com',1,'总监','normal','2020-11-17 20:40:27','he75hdqkv2v','河北大学','2020-11-17 20:40:27',NULL,1,0,''),(567,'4d108c81-577b-4ed5-a7e8-78864afe8388','e10adc3949ba59abbe56e057f20f883e','袁挂','苏州大学:-1626455510号',1,'17623283806','osqiyl0n@126.com',6,'员工','normal','2020-11-17 20:40:27','l5ybhjxhax8','东北大学','2020-11-17 20:40:27',NULL,1,0,''),(568,'fbfa26c4-023b-47ff-bb80-4c9301650ce4','e10adc3949ba59abbe56e057f20f883e','滕脯','北京大学:507828610号',0,'15913006296','tdhtkd1b@gamil.com',6,'员工','normal','2020-11-17 20:40:27','n8bjc7ns39g','华中科技大学','2020-11-17 20:40:27',NULL,1,0,''),(569,'0e2bd0b0-160b-4c53-b873-40c960826bca','e10adc3949ba59abbe56e057f20f883e','鲁洌弁','南京大学:755955479号',0,'16106192649','zjgywza9@foxmail.com',2,'项目经理','normal','2020-11-17 20:40:27','b1v7rkdq62h','哈尔滨工业大学','2020-11-17 20:40:27',NULL,1,0,''),(570,'44562f03-01de-4e3b-8827-e4b033303ba3','e10adc3949ba59abbe56e057f20f883e','任举','北京邮电大学:764103431号',1,'14561644714','dy9tlegw@qq.com',6,'员工','normal','2020-11-17 20:40:27','nlqw1fdgeuw','大连理工大学','2020-11-17 20:40:27',NULL,1,0,''),(571,'4e0d767e-0f27-453c-a1ee-0815c4918c6f','e10adc3949ba59abbe56e057f20f883e','管厅电','四川大学:455846423号',0,'17346284507','glk1ca0j@foxmail.com',2,'总监','normal','2020-11-17 20:40:27','k390dd1b2tq','重庆大学','2020-11-17 20:40:27',NULL,1,0,''),(572,'79b4ba98-82e4-4f70-9457-162213112ab6','e10adc3949ba59abbe56e057f20f883e','翁挤','山西大学:1993374808号',0,'13627910481','98qn6gdy@gamil.com',6,'员工','normal','2020-11-17 20:40:27','esnm64e21nb','同济大学','2020-11-17 20:40:27',NULL,1,0,''),(573,'72dfacd7-b6d1-4047-9e97-5cdfe229a3bc','e10adc3949ba59abbe56e057f20f883e','谈蛲','北京大学:-1322979979号',1,'17490440492','f4v70gyt@gamil.com',2,'员工','normal','2020-11-17 20:40:27','5y8ed1d806c','北京航空航天大学','2020-11-17 20:40:27',NULL,1,0,''),(574,'46760fa8-259b-4479-b212-c100e975716c','e10adc3949ba59abbe56e057f20f883e','贲聆','东北大学:-1666014099号',1,'16860376484','yc38omib@163.com',5,'总监','normal','2020-11-17 20:40:27','vtb3midgfdd','北京大学','2020-11-17 20:40:27',NULL,1,0,''),(576,'97c309bf-601e-4bf1-8381-7e89e4cd6174','e10adc3949ba59abbe56e057f20f883e','方旷肋','华中科技大学:-513317757号',0,'17013751969','2axo5uft@163.com',4,'员工','normal','2020-11-17 20:40:27','s4m0005h1dx','山西大学','2020-11-17 20:40:27',NULL,1,0,''),(577,'7904a2e0-d1af-4eae-ae8b-b5050e15ddb7','e10adc3949ba59abbe56e057f20f883e','邹钡栝','上海交通大学:-187948610号',1,'17544601344','5bkhcjam@126.com',6,'总监','normal','2020-11-17 20:40:27','ds644ykjrs5','华中科技大学','2020-11-17 20:40:27',NULL,1,0,''),(578,'d31b4512-1ef9-40af-95cf-9ff95a101db9','e10adc3949ba59abbe56e057f20f883e','娄甙释','人民大学:-666051106号',1,'14911920362','jncf9szt@gamil.com',2,'项目经理','normal','2020-11-17 20:40:27','3prkyl01xtt','人民大学','2020-11-17 20:40:27',NULL,1,0,''),(579,'eed90751-efb6-449a-811b-ea2819c4bad6','e10adc3949ba59abbe56e057f20f883e','熊糁嫩','吉林大学:-1920786320号',0,'16750858234','5r3ia1u1@126.com',1,'总监','normal','2020-11-17 20:40:27','u1c84rt24li','上海交通大学','2020-11-17 20:40:27',NULL,1,0,''),(580,'6aa652df-70f5-40ef-9cf8-4b6825d67b3f','e10adc3949ba59abbe56e057f20f883e','张惭湛','浙江大学:-303440072号',1,'16794010193','nltd9i2z@163.com',1,'项目经理','normal','2020-11-17 20:40:27','d9oidsu739h','上海交通大学','2020-11-17 20:40:27',NULL,1,0,''),(581,'1c36f282-94a4-4f34-8072-0ebe3d33a65a','e10adc3949ba59abbe56e057f20f883e','庞姘里','同济大学:-1238853992号',0,'15832052436','ohd8hlia@qq.com',3,'项目经理','normal','2020-11-17 20:40:27','4w6z3pdcxh5','厦门大学','2020-11-17 20:40:27',NULL,1,0,''),(582,'da784410-2ad9-4aaf-8372-fe760e9659e0','e10adc3949ba59abbe56e057f20f883e','田恢舢','武汉大学:1734227058号',0,'13571499128','3wiwwyg1@126.com',3,'技术负责人','normal','2020-11-17 20:40:27','xll0xzcmk4m','华北电力大学','2020-11-17 20:40:27',NULL,1,0,''),(583,'387f3e51-f627-4419-a290-3775de25bd11','e10adc3949ba59abbe56e057f20f883e','贲猥','苏州大学:-1673607629号',0,'16511074544','urx1inyo@foxmail.com',3,'总监','normal','2020-11-17 20:40:27','cu4btfl2vfw','上海交通大学','2020-11-17 20:40:27',NULL,1,0,''),(584,'ebd1b132-2489-4f5d-a5ad-58fbe7828ea8','e10adc3949ba59abbe56e057f20f883e','喻锝质','华北电力大学:335093173号',0,'14646369772','wx0bpus9@163.com',2,'项目经理','normal','2020-11-17 20:40:27','119d0wfq1pg','厦门大学','2020-11-17 20:40:27',NULL,1,0,''),(585,'1dadcab6-9027-4167-a9c2-16880f9150f5','e10adc3949ba59abbe56e057f20f883e','章姐泓','人民大学:1977558116号',0,'15491355832','gsyf8pkm@foxmail.com',2,'总监','normal','2020-11-17 20:40:27','kqnlypr6tzl','南京大学','2020-11-17 20:40:27',NULL,1,0,''),(586,'1452d162-2f3f-41c9-9bfe-e93c1432b8a4','e10adc3949ba59abbe56e057f20f883e','曹辶舒','桂林电子科技大学:505993512号',0,'16748489488','odjv5k3r@163.com',3,'技术负责人','normal','2020-11-17 20:40:27','41asharrw61','四川大学','2020-11-17 20:40:27',NULL,1,0,''),(587,'ec7c625c-fcbc-42e6-987f-dcce2dcdc384','e10adc3949ba59abbe56e057f20f883e','凤娌腊','厦门大学:44651208号',1,'14522057112','f2yvpo8g@126.com',3,'总监','normal','2020-11-17 20:40:27','m9ojnea2gvh','杭州电子科技大学','2020-11-17 20:40:27',NULL,1,0,''),(588,'068d0d9a-a94f-4e85-b526-9862eb4d0d9c','e10adc3949ba59abbe56e057f20f883e','任芰','华北电力大学:331928185号',1,'15562789535','ce1iko5x@163.com',2,'项目经理','normal','2020-11-17 20:40:27','8z2qlfci5s5','苏州大学','2020-11-17 20:40:27',NULL,1,0,''),(589,'b9fc4146-3659-4924-85c7-6d236aa17416','e10adc3949ba59abbe56e057f20f883e','狄享泪','清华大学:-1996090394号',0,'14001371846','xiyqkiww@gamil.com',5,'技术负责人','normal','2020-11-17 20:40:27','0d23ltc87sj','南京大学','2020-11-17 20:40:27',NULL,1,0,''),(590,'a3302ac2-da1e-4920-8be4-eb4d0532a199','e10adc3949ba59abbe56e057f20f883e','沈返','北京电子科技大学:-757899797号',1,'16419762974','6g0nrywm@foxmail.com',6,'总监','normal','2020-11-17 20:40:27','mh4gd6g9grk','华北理工大学','2020-11-17 20:40:27',NULL,1,0,''),(591,'4c282fe9-048c-4562-81ea-67cc9cb9409f','e10adc3949ba59abbe56e057f20f883e','喻稷','北京航空航天大学:-71092739号',1,'17335843055','eqwz3bun@gamil.com',2,'技术负责人','normal','2020-11-17 20:40:27','dte2pahmt7a','河北大学','2020-11-17 20:40:27',NULL,1,0,''),(592,'1695d680-88b6-4f5b-931f-2988898f2a82','e10adc3949ba59abbe56e057f20f883e','石鸣','华中科技大学:-1125847838号',1,'15718290364','zcbcxqyd@163.com',4,'项目经理','normal','2020-11-17 20:40:27','9j2x9n29pej','人民大学','2020-11-17 20:40:27',NULL,1,0,''),(593,'42d81a71-eebd-44dc-b4f6-950e38a9932b','e10adc3949ba59abbe56e057f20f883e','缪篱','南开大学:-1668751853号',1,'14442787593','4t1nbmpp@gamil.com',4,'技术负责人','normal','2020-11-17 20:40:27','jea85pqvy2q','四川大学','2020-11-17 20:40:27',NULL,1,0,''),(594,'b6341381-f729-414b-b2e8-508466152dfc','e10adc3949ba59abbe56e057f20f883e','毕稼渑','四川大学:1592524344号',0,'16735220599','zw2kor2c@foxmail.com',4,'技术负责人','normal','2020-11-17 20:40:27','qaci0aa0j9p','吉林大学','2020-11-17 20:40:27',NULL,1,0,''),(595,'ecc3613e-8f9c-49c0-ac84-0ad940aeeea5','e10adc3949ba59abbe56e057f20f883e','樊坞','华南理工大学:2114525121号',0,'13964653467','2pafjqjl@foxmail.com',5,'技术负责人','normal','2020-11-17 20:40:27','6c4qrcbpvjj','华南理工大学','2020-11-17 20:40:27',NULL,1,0,''),(596,'4eeb23ec-e6d0-44bf-9343-2251436d090d','e10adc3949ba59abbe56e057f20f883e','姜住','北京科技大学:-800632991号',1,'15854250461','42pb91g2@gamil.com',2,'员工','normal','2020-11-17 20:40:27','ckocuv32tvv','武汉大学','2020-11-17 20:40:27',NULL,1,0,''),(597,'cb2c4d39-eb1d-4597-9707-ba40fea2de75','e10adc3949ba59abbe56e057f20f883e','曹蕹痧','华北电力大学:2071868104号',0,'16740148100','x0lqcpp6@foxmail.com',4,'员工','normal','2020-11-17 20:40:27','sb3gjxmz8ja','厦门大学','2020-11-17 20:40:27',NULL,1,0,''),(598,'4ce6e84a-de2d-4277-91a9-3b3ace7a0a26','e10adc3949ba59abbe56e057f20f883e','俞冱','桂林电子科技大学:531055323号',1,'17598346171','7bk5vh10@163.com',4,'项目经理','normal','2020-11-17 20:40:27','i1eqsqdqhkz','同济大学','2020-11-17 20:40:27',NULL,1,0,''),(599,'a0ef5383-d1c8-4cf1-b809-d357d65e5bae','e10adc3949ba59abbe56e057f20f883e','嵇章','吉林大学:-1351093877号',1,'13982322200','i3fyjyhh@foxmail.com',2,'技术负责人','normal','2020-11-17 20:40:27','xkqcskvovp6','南京大学','2020-11-17 20:40:27',NULL,1,0,''),(600,'f5938602-4eba-4dd5-968a-07dfb25501e3','e10adc3949ba59abbe56e057f20f883e','蓝浸','北京邮电大学:-1410619186号',0,'17633557292','kvksrr2p@qq.com',1,'总监','normal','2020-11-17 20:40:27','1wdv4dxxzpt','南京大学','2020-11-17 20:40:27',NULL,1,0,''),(601,'43712ffa-099c-4608-8ca6-f4fe49990cd7','e10adc3949ba59abbe56e057f20f883e','宗苄魔','山东大学:-1678809200号',0,'17528356006','ytgwu55i@gamil.com',5,'技术负责人','normal','2020-11-17 20:40:27','nwx400icogd','浙江大学','2020-11-17 20:40:27',NULL,1,0,''),(603,'8cc8b917-f07b-46f6-aed5-67f97e352ed4','e10adc3949ba59abbe56e057f20f883e','贲碲','清华大学:2058019908号',1,'14743338092','lossgy04@qq.com',1,'员工','normal','2020-11-17 20:40:27','tiqd3ssnr4u','复旦大学','2020-11-17 20:40:27',NULL,1,0,''),(604,'a26f7eb5-ebc9-46f1-8e14-e99aebe64db3','e10adc3949ba59abbe56e057f20f883e','杨照桌','北京外国语大学:-667795067号',0,'17434198948','4fmo034a@126.com',4,'总监','normal','2020-11-17 20:40:27','8xjn4qfu9h3','华中科技大学','2020-11-17 20:40:27',NULL,1,0,''),(605,'184a3653-b64e-4a3e-aa1d-c6cb58a18e10','e10adc3949ba59abbe56e057f20f883e','荣月荻','浙江大学:607089933号',0,'17537633684','lxorjztr@foxmail.com',6,'技术负责人','normal','2020-11-17 20:40:27','kbvjros9uzs','杭州电子科技大学','2020-11-17 20:40:27',NULL,1,0,''),(606,'2e37e1ee-f25e-432e-b2ab-ac4b1cc5bd89','e10adc3949ba59abbe56e057f20f883e','陆洧粝','复旦大学:1627814317号',0,'14170027251','xdshzntk@foxmail.com',4,'项目经理','normal','2020-11-17 20:40:27','raofencqixi','同济大学','2020-11-17 20:40:27',NULL,1,0,''),(607,'b50fbbac-5b90-4602-8be9-5202993d1415','e10adc3949ba59abbe56e057f20f883e','史涓之','大连理工大学:-1406008093号',0,'17307644699','pkuow7zj@gamil.com',4,'项目经理','normal','2020-11-17 20:40:27','vdoma9mrb0c','天津大学','2020-11-17 20:40:27',NULL,1,0,''),(608,'wujiu','e10adc3949ba59abbe56e057f20f883e','无咎','北京市海淀区',0,'15231353126','jorybeast97@foxmail.com',7,'董事长','admin','1995-11-15 00:00:00','WUJIU-AJSLANX','清华大学','2020-11-02 00:00:00',NULL,2,0,''),(609,'test','e10adc3949ba59abbe56e057f20f883e','普通测试账号','北京市',1,'15231353126','jorybeast97@foxmail.com',7,'员工','normal','2020-11-10 00:00:00','SAJDLKJAU1','华北理工大学','2020-11-10 00:00:00',NULL,3,0,'');
/*!40000 ALTER TABLE `employee` ENABLE KEYS */;
UNLOCK TABLES;

--
-- Table structure for table `exception_log`
--

DROP TABLE IF EXISTS `exception_log`;
/*!40101 SET @saved_cs_client     = @@character_set_client */;
/*!50503 SET character_set_client = utf8mb4 */;
CREATE TABLE `exception_log` (
  `id` int NOT NULL AUTO_INCREMENT,
  `username` varchar(255) DEFAULT NULL,
  `host` varchar(255) DEFAULT NULL COMMENT 'IP地址',
  `address` varchar(255) DEFAULT NULL COMMENT '所属区域',
  `description` text COMMENT '异常描述',
  `happen_time` datetime NOT NULL,
  `detail` text COMMENT '详细原因',
  PRIMARY KEY (`id`)
) ENGINE=InnoDB AUTO_INCREMENT=15 DEFAULT CHARSET=utf8mb4 COLLATE=utf8mb4_0900_ai_ci COMMENT='系统日常日志';
/*!40101 SET character_set_client = @saved_cs_client */;

--
-- Dumping data for table `exception_log`
--

LOCK TABLES `exception_log` WRITE;
/*!40000 ALTER TABLE `exception_log` DISABLE KEYS */;
INSERT INTO `exception_log` VALUES (1,'wujiu','0:0:0:0:0:0:0:1','局域网或本机','/ by zero','2020-11-19 21:00:21','java.lang.ArithmeticException: / by zero\r\n	at com.fanhao.businessplatform.service.LoginService.loginCheck(LoginService.java:46)\r\n	at com.fanhao.businessplatform.controller.LoginController.login(LoginController.java:45)\r\n	at sun.reflect.NativeMethodAccessorImpl.invoke0(Native Method)\r\n	at sun.reflect.NativeMethodAccessorImpl.invoke(NativeMethodAccessorImpl.java:62)\r\n	at sun.reflect.DelegatingMethodAccessorImpl.invoke(DelegatingMethodAccessorImpl.java:43)\r\n	at java.lang.reflect.Method.invoke(Method.java:498)\r\n	at org.springframework.web.method.support.InvocableHandlerMethod.doInvoke(InvocableHandlerMethod.java:190)\r\n	at org.springframework.web.method.support.InvocableHandlerMethod.invokeForRequest(InvocableHandlerMethod.java:138)\r\n	at org.springframework.web.servlet.mvc.method.annotation.ServletInvocableHandlerMethod.invokeAndHandle(ServletInvocableHandlerMethod.java:105)\r\n	at org.springframework.web.servlet.mvc.method.annotation.RequestMappingHandlerAdapter.invokeHandlerMethod(RequestMappingHandlerAdapter.java:878)\r\n	at org.springframework.web.servlet.mvc.method.annotation.RequestMappingHandlerAdapter.handleInternal(RequestMappingHandlerAdapter.java:792)\r\n	at org.springframework.web.servlet.mvc.method.AbstractHandlerMethodAdapter.handle(AbstractHandlerMethodAdapter.java:87)\r\n	at org.springframework.web.servlet.DispatcherServlet.doDispatch(DispatcherServlet.java:1040)\r\n	at org.springframework.web.servlet.DispatcherServlet.doService(DispatcherServlet.java:943)\r\n	at org.springframework.web.servlet.FrameworkServlet.processRequest(FrameworkServlet.java:1006)\r\n	at org.springframework.web.servlet.FrameworkServlet.doPost(FrameworkServlet.java:909)\r\n	at javax.servlet.http.HttpServlet.service(HttpServlet.java:652)\r\n	at org.springframework.web.servlet.FrameworkServlet.service(FrameworkServlet.java:883)\r\n	at javax.servlet.http.HttpServlet.service(HttpServlet.java:733)\r\n	at org.apache.catalina.core.ApplicationFilterChain.internalDoFilter(ApplicationFilterChain.java:231)\r\n	at org.apache.catalina.core.ApplicationFilterChain.doFilter(ApplicationFilterChain.java:166)\r\n	at org.apache.tomcat.websocket.server.WsFilter.doFilter(WsFilter.java:53)\r\n	at org.apache.catalina.core.ApplicationFilterChain.internalDoFilter(ApplicationFilterChain.java:193)\r\n	at org.apache.catalina.core.ApplicationFilterChain.doFilter(ApplicationFilterChain.java:166)\r\n	at org.springframework.web.filter.CharacterEncodingFilter.doFilterInternal(CharacterEncodingFilter.java:201)\r\n	at org.springframework.web.filter.OncePerRequestFilter.doFilter(OncePerRequestFilter.java:119)\r\n	at org.apache.catalina.core.ApplicationFilterChain.internalDoFilter(ApplicationFilterChain.java:193)\r\n	at org.apache.catalina.core.ApplicationFilterChain.doFilter(ApplicationFilterChain.java:166)\r\n	at org.apache.catalina.core.StandardWrapperValve.invoke(StandardWrapperValve.java:202)\r\n	at org.apache.catalina.core.StandardContextValve.invoke(StandardContextValve.java:96)\r\n	at org.apache.catalina.authenticator.AuthenticatorBase.invoke(AuthenticatorBase.java:541)\r\n	at org.apache.catalina.core.StandardHostValve.invoke(StandardHostValve.java:139)\r\n	at org.apache.catalina.valves.ErrorReportValve.invoke(ErrorReportValve.java:92)\r\n	at org.apache.catalina.core.StandardEngineValve.invoke(StandardEngineValve.java:74)\r\n	at org.apache.catalina.connector.CoyoteAdapter.service(CoyoteAdapter.java:343)\r\n	at org.apache.coyote.http11.Http11Processor.service(Http11Processor.java:373)\r\n	at org.apache.coyote.AbstractProcessorLight.process(AbstractProcessorLight.java:65)\r\n	at org.apache.coyote.AbstractProtocol$ConnectionHandler.process(AbstractProtocol.java:868)\r\n	at org.apache.tomcat.util.net.NioEndpoint$SocketProcessor.doRun(NioEndpoint.java:1589)\r\n	at org.apache.tomcat.util.net.SocketProcessorBase.run(SocketProcessorBase.java:49)\r\n	at java.util.concurrent.ThreadPoolExecutor.runWorker(ThreadPoolExecutor.java:1149)\r\n	at java.util.concurrent.ThreadPoolExecutor$Worker.run(ThreadPoolExecutor.java:624)\r\n	at org.apache.tomcat.util.threads.TaskThread$WrappingRunnable.run(TaskThread.java:61)\r\n	at java.lang.Thread.run(Thread.java:748)\r\n'),(2,'wujiu','0:0:0:0:0:0:0:1','局域网或本机','\r\n### Error updating database.  Cause: java.sql.SQLException: Field \'grant_date\' doesn\'t have a default value\r\n### The error may exist in com/fanhao/businessplatform/mapper/SalaryMapper.java (best guess)\r\n### The error may involve com.fanhao.businessplatform.mapper.SalaryMapper.insert-Inline\r\n### The error occurred while setting parameters\r\n### SQL: INSERT INTO salary  ( employee_id, base_salary,      remark, total_salary )  VALUES  ( ?, ?,      ?, ? )\r\n### Cause: java.sql.SQLException: Field \'grant_date\' doesn\'t have a default value\n; Field \'grant_date\' doesn\'t have a default value; nested exception is java.sql.SQLException: Field \'grant_date\' doesn\'t have a default value','2020-11-21 22:28:37','org.springframework.dao.DataIntegrityViolationException: \r\n### Error updating database.  Cause: java.sql.SQLException: Field \'grant_date\' doesn\'t have a default value\r\n### The error may exist in com/fanhao/businessplatform/mapper/SalaryMapper.java (best guess)\r\n### The error may involve com.fanhao.businessplatform.mapper.SalaryMapper.insert-Inline\r\n### The error occurred while setting parameters\r\n### SQL: INSERT INTO salary  ( employee_id, base_salary,      remark, total_salary )  VALUES  ( ?, ?,      ?, ? )\r\n### Cause: java.sql.SQLException: Field \'grant_date\' doesn\'t have a default value\n; Field \'grant_date\' doesn\'t have a default value; nested exception is java.sql.SQLException: Field \'grant_date\' doesn\'t have a default value\r\n	at org.springframework.jdbc.support.SQLErrorCodeSQLExceptionTranslator.doTranslate(SQLErrorCodeSQLExceptionTranslator.java:247)\r\n	at org.springframework.jdbc.support.AbstractFallbackSQLExceptionTranslator.translate(AbstractFallbackSQLExceptionTranslator.java:72)\r\n	at org.mybatis.spring.MyBatisExceptionTranslator.translateExceptionIfPossible(MyBatisExceptionTranslator.java:88)\r\n	at org.mybatis.spring.SqlSessionTemplate$SqlSessionInterceptor.invoke(SqlSessionTemplate.java:440)\r\n	at com.sun.proxy.$Proxy71.insert(Unknown Source)\r\n	at org.mybatis.spring.SqlSessionTemplate.insert(SqlSessionTemplate.java:271)\r\n	at com.baomidou.mybatisplus.core.override.MybatisMapperMethod.execute(MybatisMapperMethod.java:60)\r\n	at com.baomidou.mybatisplus.core.override.MybatisMapperProxy$PlainMethodInvoker.invoke(MybatisMapperProxy.java:148)\r\n	at com.baomidou.mybatisplus.core.override.MybatisMapperProxy.invoke(MybatisMapperProxy.java:89)\r\n	at com.sun.proxy.$Proxy77.insert(Unknown Source)\r\n	at com.fanhao.businessplatform.service.SalaryService.addOrUpdateSalary(SalaryService.java:86)\r\n	at com.fanhao.businessplatform.service.SalaryService$$FastClassBySpringCGLIB$$ac226275.invoke(<generated>)\r\n	at org.springframework.cglib.proxy.MethodProxy.invoke(MethodProxy.java:218)\r\n	at org.springframework.aop.framework.CglibAopProxy$CglibMethodInvocation.invokeJoinpoint(CglibAopProxy.java:771)\r\n	at org.springframework.aop.framework.ReflectiveMethodInvocation.proceed(ReflectiveMethodInvocation.java:163)\r\n	at org.springframework.aop.framework.CglibAopProxy$CglibMethodInvocation.proceed(CglibAopProxy.java:749)\r\n	at org.springframework.aop.aspectj.AspectJAfterAdvice.invoke(AspectJAfterAdvice.java:47)\r\n	at org.springframework.aop.framework.ReflectiveMethodInvocation.proceed(ReflectiveMethodInvocation.java:175)\r\n	at org.springframework.aop.framework.CglibAopProxy$CglibMethodInvocation.proceed(CglibAopProxy.java:749)\r\n	at org.springframework.aop.interceptor.ExposeInvocationInterceptor.invoke(ExposeInvocationInterceptor.java:95)\r\n	at org.springframework.aop.framework.ReflectiveMethodInvocation.proceed(ReflectiveMethodInvocation.java:186)\r\n	at org.springframework.aop.framework.CglibAopProxy$CglibMethodInvocation.proceed(CglibAopProxy.java:749)\r\n	at org.springframework.aop.framework.CglibAopProxy$DynamicAdvisedInterceptor.intercept(CglibAopProxy.java:691)\r\n	at com.fanhao.businessplatform.service.SalaryService$$EnhancerBySpringCGLIB$$d44eb85e.addOrUpdateSalary(<generated>)\r\n	at com.fanhao.businessplatform.controller.SalaryController.saveAndUpdateSalary(SalaryController.java:62)\r\n	at sun.reflect.NativeMethodAccessorImpl.invoke0(Native Method)\r\n	at sun.reflect.NativeMethodAccessorImpl.invoke(NativeMethodAccessorImpl.java:62)\r\n	at sun.reflect.DelegatingMethodAccessorImpl.invoke(DelegatingMethodAccessorImpl.java:43)\r\n	at java.lang.reflect.Method.invoke(Method.java:498)\r\n	at org.springframework.web.method.support.InvocableHandlerMethod.doInvoke(InvocableHandlerMethod.java:190)\r\n	at org.springframework.web.method.support.InvocableHandlerMethod.invokeForRequest(InvocableHandlerMethod.java:138)\r\n	at org.springframework.web.servlet.mvc.method.annotation.ServletInvocableHandlerMethod.invokeAndHandle(ServletInvocableHandlerMethod.java:105)\r\n	at org.springframework.web.servlet.mvc.method.annotation.RequestMappingHandlerAdapter.invokeHandlerMethod(RequestMappingHandlerAdapter.java:878)\r\n	at org.springframework.web.servlet.mvc.method.annotation.RequestMappingHandlerAdapter.handleInternal(RequestMappingHandlerAdapter.java:792)\r\n	at org.springframework.web.servlet.mvc.method.AbstractHandlerMethodAdapter.handle(AbstractHandlerMethodAdapter.java:87)\r\n	at org.springframework.web.servlet.DispatcherServlet.doDispatch(DispatcherServlet.java:1040)\r\n	at org.springframework.web.servlet.DispatcherServlet.doService(DispatcherServlet.java:943)\r\n	at org.springframework.web.servlet.FrameworkServlet.processRequest(FrameworkServlet.java:1006)\r\n	at org.springframework.web.servlet.FrameworkServlet.doPost(FrameworkServlet.java:909)\r\n	at javax.servlet.http.HttpServlet.service(HttpServlet.java:652)\r\n	at org.springframework.web.servlet.FrameworkServlet.service(FrameworkServlet.java:883)\r\n	at javax.servlet.http.HttpServlet.service(HttpServlet.java:733)\r\n	at org.apache.catalina.core.ApplicationFilterChain.internalDoFilter(ApplicationFilterChain.java:231)\r\n	at org.apache.catalina.core.ApplicationFilterChain.doFilter(ApplicationFilterChain.java:166)\r\n	at org.apache.tomcat.websocket.server.WsFilter.doFilter(WsFilter.java:53)\r\n	at org.apache.catalina.core.ApplicationFilterChain.internalDoFilter(ApplicationFilterChain.java:193)\r\n	at org.apache.catalina.core.ApplicationFilterChain.doFilter(ApplicationFilterChain.java:166)\r\n	at org.springframework.web.filter.CharacterEncodingFilter.doFilterInternal(CharacterEncodingFilter.java:201)\r\n	at org.springframework.web.filter.OncePerRequestFilter.doFilter(OncePerRequestFilter.java:119)\r\n	at org.apache.catalina.core.ApplicationFilterChain.internalDoFilter(ApplicationFilterChain.java:193)\r\n	at org.apache.catalina.core.ApplicationFilterChain.doFilter(ApplicationFilterChain.java:166)\r\n	at org.apache.catalina.core.StandardWrapperValve.invoke(StandardWrapperValve.java:202)\r\n	at org.apache.catalina.core.StandardContextValve.invoke(StandardContextValve.java:96)\r\n	at org.apache.catalina.authenticator.AuthenticatorBase.invoke(AuthenticatorBase.java:541)\r\n	at org.apache.catalina.core.StandardHostValve.invoke(StandardHostValve.java:139)\r\n	at org.apache.catalina.valves.ErrorReportValve.invoke(ErrorReportValve.java:92)\r\n	at org.apache.catalina.core.StandardEngineValve.invoke(StandardEngineValve.java:74)\r\n	at org.apache.catalina.connector.CoyoteAdapter.service(CoyoteAdapter.java:343)\r\n	at org.apache.coyote.http11.Http11Processor.service(Http11Processor.java:373)\r\n	at org.apache.coyote.AbstractProcessorLight.process(AbstractProcessorLight.java:65)\r\n	at org.apache.coyote.AbstractProtocol$ConnectionHandler.process(AbstractProtocol.java:868)\r\n	at org.apache.tomcat.util.net.NioEndpoint$SocketProcessor.doRun(NioEndpoint.java:1589)\r\n	at org.apache.tomcat.util.net.SocketProcessorBase.run(SocketProcessorBase.java:49)\r\n	at java.util.concurrent.ThreadPoolExecutor.runWorker(ThreadPoolExecutor.java:1149)\r\n	at java.util.concurrent.ThreadPoolExecutor$Worker.run(ThreadPoolExecutor.java:624)\r\n	at org.apache.tomcat.util.threads.TaskThread$WrappingRunnable.run(TaskThread.java:61)\r\n	at java.lang.Thread.run(Thread.java:748)\r\nCaused by: java.sql.SQLException: Field \'grant_date\' doesn\'t have a default value\r\n	at com.mysql.cj.jdbc.exceptions.SQLError.createSQLException(SQLError.java:129)\r\n	at com.mysql.cj.jdbc.exceptions.SQLError.createSQLException(SQLError.java:97)\r\n	at com.mysql.cj.jdbc.exceptions.SQLExceptionsMapping.translateException(SQLExceptionsMapping.java:122)\r\n	at com.mysql.cj.jdbc.ClientPreparedStatement.executeInternal(ClientPreparedStatement.java:953)\r\n	at com.mysql.cj.jdbc.ClientPreparedStatement.execute(ClientPreparedStatement.java:370)\r\n	at com.zaxxer.hikari.pool.ProxyPreparedStatement.execute(ProxyPreparedStatement.java:44)\r\n	at com.zaxxer.hikari.pool.HikariProxyPreparedStatement.execute(HikariProxyPreparedStatement.java)\r\n	at org.apache.ibatis.executor.statement.PreparedStatementHandler.update(PreparedStatementHandler.java:47)\r\n	at org.apache.ibatis.executor.statement.RoutingStatementHandler.update(RoutingStatementHandler.java:74)\r\n	at sun.reflect.NativeMethodAccessorImpl.invoke0(Native Method)\r\n	at sun.reflect.NativeMethodAccessorImpl.invoke(NativeMethodAccessorImpl.java:62)\r\n	at sun.reflect.DelegatingMethodAccessorImpl.invoke(DelegatingMethodAccessorImpl.java:43)\r\n	at java.lang.reflect.Method.invoke(Method.java:498)\r\n	at org.apache.ibatis.plugin.Plugin.invoke(Plugin.java:63)\r\n	at com.sun.proxy.$Proxy102.update(Unknown Source)\r\n	at com.baomidou.mybatisplus.core.executor.MybatisSimpleExecutor.doUpdate(MybatisSimpleExecutor.java:56)\r\n	at org.apache.ibatis.executor.BaseExecutor.update(BaseExecutor.java:117)\r\n	at com.baomidou.mybatisplus.core.executor.MybatisCachingExecutor.update(MybatisCachingExecutor.java:85)\r\n	at org.apache.ibatis.session.defaults.DefaultSqlSession.update(DefaultSqlSession.java:197)\r\n	at org.apache.ibatis.session.defaults.DefaultSqlSession.insert(DefaultSqlSession.java:184)\r\n	at sun.reflect.NativeMethodAccessorImpl.invoke0(Native Method)\r\n	at sun.reflect.NativeMethodAccessorImpl.invoke(NativeMethodAccessorImpl.java:62)\r\n	at sun.reflect.DelegatingMethodAccessorImpl.invoke(DelegatingMethodAccessorImpl.java:43)\r\n	at java.lang.reflect.Method.invoke(Method.java:498)\r\n	at org.mybatis.spring.SqlSessionTemplate$SqlSessionInterceptor.invoke(SqlSessionTemplate.java:426)\r\n	... 63 more\r\n'),(3,'wujiu','0:0:0:0:0:0:0:1','局域网或本机','\r\n### Error updating database.  Cause: java.sql.SQLException: Field \'grant_date\' doesn\'t have a default value\r\n### The error may exist in com/fanhao/businessplatform/mapper/SalaryMapper.java (best guess)\r\n### The error may involve com.fanhao.businessplatform.mapper.SalaryMapper.insert-Inline\r\n### The error occurred while setting parameters\r\n### SQL: INSERT INTO salary  ( employee_id, base_salary,      remark, total_salary )  VALUES  ( ?, ?,      ?, ? )\r\n### Cause: java.sql.SQLException: Field \'grant_date\' doesn\'t have a default value\n; Field \'grant_date\' doesn\'t have a default value; nested exception is java.sql.SQLException: Field \'grant_date\' doesn\'t have a default value','2020-11-21 22:28:39','org.springframework.dao.DataIntegrityViolationException: \r\n### Error updating database.  Cause: java.sql.SQLException: Field \'grant_date\' doesn\'t have a default value\r\n### The error may exist in com/fanhao/businessplatform/mapper/SalaryMapper.java (best guess)\r\n### The error may involve com.fanhao.businessplatform.mapper.SalaryMapper.insert-Inline\r\n### The error occurred while setting parameters\r\n### SQL: INSERT INTO salary  ( employee_id, base_salary,      remark, total_salary )  VALUES  ( ?, ?,      ?, ? )\r\n### Cause: java.sql.SQLException: Field \'grant_date\' doesn\'t have a default value\n; Field \'grant_date\' doesn\'t have a default value; nested exception is java.sql.SQLException: Field \'grant_date\' doesn\'t have a default value\r\n	at org.springframework.jdbc.support.SQLErrorCodeSQLExceptionTranslator.doTranslate(SQLErrorCodeSQLExceptionTranslator.java:247)\r\n	at org.springframework.jdbc.support.AbstractFallbackSQLExceptionTranslator.translate(AbstractFallbackSQLExceptionTranslator.java:72)\r\n	at org.mybatis.spring.MyBatisExceptionTranslator.translateExceptionIfPossible(MyBatisExceptionTranslator.java:88)\r\n	at org.mybatis.spring.SqlSessionTemplate$SqlSessionInterceptor.invoke(SqlSessionTemplate.java:440)\r\n	at com.sun.proxy.$Proxy71.insert(Unknown Source)\r\n	at org.mybatis.spring.SqlSessionTemplate.insert(SqlSessionTemplate.java:271)\r\n	at com.baomidou.mybatisplus.core.override.MybatisMapperMethod.execute(MybatisMapperMethod.java:60)\r\n	at com.baomidou.mybatisplus.core.override.MybatisMapperProxy$PlainMethodInvoker.invoke(MybatisMapperProxy.java:148)\r\n	at com.baomidou.mybatisplus.core.override.MybatisMapperProxy.invoke(MybatisMapperProxy.java:89)\r\n	at com.sun.proxy.$Proxy77.insert(Unknown Source)\r\n	at com.fanhao.businessplatform.service.SalaryService.addOrUpdateSalary(SalaryService.java:86)\r\n	at com.fanhao.businessplatform.service.SalaryService$$FastClassBySpringCGLIB$$ac226275.invoke(<generated>)\r\n	at org.springframework.cglib.proxy.MethodProxy.invoke(MethodProxy.java:218)\r\n	at org.springframework.aop.framework.CglibAopProxy$CglibMethodInvocation.invokeJoinpoint(CglibAopProxy.java:771)\r\n	at org.springframework.aop.framework.ReflectiveMethodInvocation.proceed(ReflectiveMethodInvocation.java:163)\r\n	at org.springframework.aop.framework.CglibAopProxy$CglibMethodInvocation.proceed(CglibAopProxy.java:749)\r\n	at org.springframework.aop.aspectj.AspectJAfterAdvice.invoke(AspectJAfterAdvice.java:47)\r\n	at org.springframework.aop.framework.ReflectiveMethodInvocation.proceed(ReflectiveMethodInvocation.java:175)\r\n	at org.springframework.aop.framework.CglibAopProxy$CglibMethodInvocation.proceed(CglibAopProxy.java:749)\r\n	at org.springframework.aop.interceptor.ExposeInvocationInterceptor.invoke(ExposeInvocationInterceptor.java:95)\r\n	at org.springframework.aop.framework.ReflectiveMethodInvocation.proceed(ReflectiveMethodInvocation.java:186)\r\n	at org.springframework.aop.framework.CglibAopProxy$CglibMethodInvocation.proceed(CglibAopProxy.java:749)\r\n	at org.springframework.aop.framework.CglibAopProxy$DynamicAdvisedInterceptor.intercept(CglibAopProxy.java:691)\r\n	at com.fanhao.businessplatform.service.SalaryService$$EnhancerBySpringCGLIB$$d44eb85e.addOrUpdateSalary(<generated>)\r\n	at com.fanhao.businessplatform.controller.SalaryController.saveAndUpdateSalary(SalaryController.java:62)\r\n	at sun.reflect.NativeMethodAccessorImpl.invoke0(Native Method)\r\n	at sun.reflect.NativeMethodAccessorImpl.invoke(NativeMethodAccessorImpl.java:62)\r\n	at sun.reflect.DelegatingMethodAccessorImpl.invoke(DelegatingMethodAccessorImpl.java:43)\r\n	at java.lang.reflect.Method.invoke(Method.java:498)\r\n	at org.springframework.web.method.support.InvocableHandlerMethod.doInvoke(InvocableHandlerMethod.java:190)\r\n	at org.springframework.web.method.support.InvocableHandlerMethod.invokeForRequest(InvocableHandlerMethod.java:138)\r\n	at org.springframework.web.servlet.mvc.method.annotation.ServletInvocableHandlerMethod.invokeAndHandle(ServletInvocableHandlerMethod.java:105)\r\n	at org.springframework.web.servlet.mvc.method.annotation.RequestMappingHandlerAdapter.invokeHandlerMethod(RequestMappingHandlerAdapter.java:878)\r\n	at org.springframework.web.servlet.mvc.method.annotation.RequestMappingHandlerAdapter.handleInternal(RequestMappingHandlerAdapter.java:792)\r\n	at org.springframework.web.servlet.mvc.method.AbstractHandlerMethodAdapter.handle(AbstractHandlerMethodAdapter.java:87)\r\n	at org.springframework.web.servlet.DispatcherServlet.doDispatch(DispatcherServlet.java:1040)\r\n	at org.springframework.web.servlet.DispatcherServlet.doService(DispatcherServlet.java:943)\r\n	at org.springframework.web.servlet.FrameworkServlet.processRequest(FrameworkServlet.java:1006)\r\n	at org.springframework.web.servlet.FrameworkServlet.doPost(FrameworkServlet.java:909)\r\n	at javax.servlet.http.HttpServlet.service(HttpServlet.java:652)\r\n	at org.springframework.web.servlet.FrameworkServlet.service(FrameworkServlet.java:883)\r\n	at javax.servlet.http.HttpServlet.service(HttpServlet.java:733)\r\n	at org.apache.catalina.core.ApplicationFilterChain.internalDoFilter(ApplicationFilterChain.java:231)\r\n	at org.apache.catalina.core.ApplicationFilterChain.doFilter(ApplicationFilterChain.java:166)\r\n	at org.apache.tomcat.websocket.server.WsFilter.doFilter(WsFilter.java:53)\r\n	at org.apache.catalina.core.ApplicationFilterChain.internalDoFilter(ApplicationFilterChain.java:193)\r\n	at org.apache.catalina.core.ApplicationFilterChain.doFilter(ApplicationFilterChain.java:166)\r\n	at org.springframework.web.filter.CharacterEncodingFilter.doFilterInternal(CharacterEncodingFilter.java:201)\r\n	at org.springframework.web.filter.OncePerRequestFilter.doFilter(OncePerRequestFilter.java:119)\r\n	at org.apache.catalina.core.ApplicationFilterChain.internalDoFilter(ApplicationFilterChain.java:193)\r\n	at org.apache.catalina.core.ApplicationFilterChain.doFilter(ApplicationFilterChain.java:166)\r\n	at org.apache.catalina.core.StandardWrapperValve.invoke(StandardWrapperValve.java:202)\r\n	at org.apache.catalina.core.StandardContextValve.invoke(StandardContextValve.java:96)\r\n	at org.apache.catalina.authenticator.AuthenticatorBase.invoke(AuthenticatorBase.java:541)\r\n	at org.apache.catalina.core.StandardHostValve.invoke(StandardHostValve.java:139)\r\n	at org.apache.catalina.valves.ErrorReportValve.invoke(ErrorReportValve.java:92)\r\n	at org.apache.catalina.core.StandardEngineValve.invoke(StandardEngineValve.java:74)\r\n	at org.apache.catalina.connector.CoyoteAdapter.service(CoyoteAdapter.java:343)\r\n	at org.apache.coyote.http11.Http11Processor.service(Http11Processor.java:373)\r\n	at org.apache.coyote.AbstractProcessorLight.process(AbstractProcessorLight.java:65)\r\n	at org.apache.coyote.AbstractProtocol$ConnectionHandler.process(AbstractProtocol.java:868)\r\n	at org.apache.tomcat.util.net.NioEndpoint$SocketProcessor.doRun(NioEndpoint.java:1589)\r\n	at org.apache.tomcat.util.net.SocketProcessorBase.run(SocketProcessorBase.java:49)\r\n	at java.util.concurrent.ThreadPoolExecutor.runWorker(ThreadPoolExecutor.java:1149)\r\n	at java.util.concurrent.ThreadPoolExecutor$Worker.run(ThreadPoolExecutor.java:624)\r\n	at org.apache.tomcat.util.threads.TaskThread$WrappingRunnable.run(TaskThread.java:61)\r\n	at java.lang.Thread.run(Thread.java:748)\r\nCaused by: java.sql.SQLException: Field \'grant_date\' doesn\'t have a default value\r\n	at com.mysql.cj.jdbc.exceptions.SQLError.createSQLException(SQLError.java:129)\r\n	at com.mysql.cj.jdbc.exceptions.SQLError.createSQLException(SQLError.java:97)\r\n	at com.mysql.cj.jdbc.exceptions.SQLExceptionsMapping.translateException(SQLExceptionsMapping.java:122)\r\n	at com.mysql.cj.jdbc.ClientPreparedStatement.executeInternal(ClientPreparedStatement.java:953)\r\n	at com.mysql.cj.jdbc.ClientPreparedStatement.execute(ClientPreparedStatement.java:370)\r\n	at com.zaxxer.hikari.pool.ProxyPreparedStatement.execute(ProxyPreparedStatement.java:44)\r\n	at com.zaxxer.hikari.pool.HikariProxyPreparedStatement.execute(HikariProxyPreparedStatement.java)\r\n	at org.apache.ibatis.executor.statement.PreparedStatementHandler.update(PreparedStatementHandler.java:47)\r\n	at org.apache.ibatis.executor.statement.RoutingStatementHandler.update(RoutingStatementHandler.java:74)\r\n	at sun.reflect.NativeMethodAccessorImpl.invoke0(Native Method)\r\n	at sun.reflect.NativeMethodAccessorImpl.invoke(NativeMethodAccessorImpl.java:62)\r\n	at sun.reflect.DelegatingMethodAccessorImpl.invoke(DelegatingMethodAccessorImpl.java:43)\r\n	at java.lang.reflect.Method.invoke(Method.java:498)\r\n	at org.apache.ibatis.plugin.Plugin.invoke(Plugin.java:63)\r\n	at com.sun.proxy.$Proxy102.update(Unknown Source)\r\n	at com.baomidou.mybatisplus.core.executor.MybatisSimpleExecutor.doUpdate(MybatisSimpleExecutor.java:56)\r\n	at org.apache.ibatis.executor.BaseExecutor.update(BaseExecutor.java:117)\r\n	at com.baomidou.mybatisplus.core.executor.MybatisCachingExecutor.update(MybatisCachingExecutor.java:85)\r\n	at org.apache.ibatis.session.defaults.DefaultSqlSession.update(DefaultSqlSession.java:197)\r\n	at org.apache.ibatis.session.defaults.DefaultSqlSession.insert(DefaultSqlSession.java:184)\r\n	at sun.reflect.NativeMethodAccessorImpl.invoke0(Native Method)\r\n	at sun.reflect.NativeMethodAccessorImpl.invoke(NativeMethodAccessorImpl.java:62)\r\n	at sun.reflect.DelegatingMethodAccessorImpl.invoke(DelegatingMethodAccessorImpl.java:43)\r\n	at java.lang.reflect.Method.invoke(Method.java:498)\r\n	at org.mybatis.spring.SqlSessionTemplate$SqlSessionInterceptor.invoke(SqlSessionTemplate.java:426)\r\n	... 63 more\r\n'),(4,'wujiu','0:0:0:0:0:0:0:1','局域网或本机','java.io.IOException: 你的主机中的软件中止了一个已建立的连接。','2020-11-23 14:43:08','org.apache.catalina.connector.ClientAbortException: java.io.IOException: 你的主机中的软件中止了一个已建立的连接。\r\n	at org.apache.catalina.connector.OutputBuffer.doFlush(OutputBuffer.java:309)\r\n	at org.apache.catalina.connector.OutputBuffer.flush(OutputBuffer.java:272)\r\n	at org.apache.catalina.connector.CoyoteOutputStream.flush(CoyoteOutputStream.java:118)\r\n	at com.fasterxml.jackson.core.json.UTF8JsonGenerator.flush(UTF8JsonGenerator.java:1176)\r\n	at com.fasterxml.jackson.databind.ObjectWriter.writeValue(ObjectWriter.java:1008)\r\n	at org.springframework.http.converter.json.AbstractJackson2HttpMessageConverter.writeInternal(AbstractJackson2HttpMessageConverter.java:335)\r\n	at org.springframework.http.converter.AbstractGenericHttpMessageConverter.write(AbstractGenericHttpMessageConverter.java:104)\r\n	at org.springframework.web.servlet.mvc.method.annotation.AbstractMessageConverterMethodProcessor.writeWithMessageConverters(AbstractMessageConverterMethodProcessor.java:287)\r\n	at org.springframework.web.servlet.mvc.method.annotation.RequestResponseBodyMethodProcessor.handleReturnValue(RequestResponseBodyMethodProcessor.java:181)\r\n	at org.springframework.web.method.support.HandlerMethodReturnValueHandlerComposite.handleReturnValue(HandlerMethodReturnValueHandlerComposite.java:82)\r\n	at org.springframework.web.servlet.mvc.method.annotation.ServletInvocableHandlerMethod.invokeAndHandle(ServletInvocableHandlerMethod.java:123)\r\n	at org.springframework.web.servlet.mvc.method.annotation.RequestMappingHandlerAdapter.invokeHandlerMethod(RequestMappingHandlerAdapter.java:878)\r\n	at org.springframework.web.servlet.mvc.method.annotation.RequestMappingHandlerAdapter.handleInternal(RequestMappingHandlerAdapter.java:792)\r\n	at org.springframework.web.servlet.mvc.method.AbstractHandlerMethodAdapter.handle(AbstractHandlerMethodAdapter.java:87)\r\n	at org.springframework.web.servlet.DispatcherServlet.doDispatch(DispatcherServlet.java:1040)\r\n	at org.springframework.web.servlet.DispatcherServlet.doService(DispatcherServlet.java:943)\r\n	at org.springframework.web.servlet.FrameworkServlet.processRequest(FrameworkServlet.java:1006)\r\n	at org.springframework.web.servlet.FrameworkServlet.doGet(FrameworkServlet.java:898)\r\n	at javax.servlet.http.HttpServlet.service(HttpServlet.java:626)\r\n	at org.springframework.web.servlet.FrameworkServlet.service(FrameworkServlet.java:883)\r\n	at javax.servlet.http.HttpServlet.service(HttpServlet.java:733)\r\n	at org.apache.catalina.core.ApplicationFilterChain.internalDoFilter(ApplicationFilterChain.java:231)\r\n	at org.apache.catalina.core.ApplicationFilterChain.doFilter(ApplicationFilterChain.java:166)\r\n	at org.apache.tomcat.websocket.server.WsFilter.doFilter(WsFilter.java:53)\r\n	at org.apache.catalina.core.ApplicationFilterChain.internalDoFilter(ApplicationFilterChain.java:193)\r\n	at org.apache.catalina.core.ApplicationFilterChain.doFilter(ApplicationFilterChain.java:166)\r\n	at org.springframework.web.filter.CharacterEncodingFilter.doFilterInternal(CharacterEncodingFilter.java:201)\r\n	at org.springframework.web.filter.OncePerRequestFilter.doFilter(OncePerRequestFilter.java:119)\r\n	at org.apache.catalina.core.ApplicationFilterChain.internalDoFilter(ApplicationFilterChain.java:193)\r\n	at org.apache.catalina.core.ApplicationFilterChain.doFilter(ApplicationFilterChain.java:166)\r\n	at org.apache.catalina.core.StandardWrapperValve.invoke(StandardWrapperValve.java:202)\r\n	at org.apache.catalina.core.StandardContextValve.invoke(StandardContextValve.java:96)\r\n	at org.apache.catalina.authenticator.AuthenticatorBase.invoke(AuthenticatorBase.java:541)\r\n	at org.apache.catalina.core.StandardHostValve.invoke(StandardHostValve.java:139)\r\n	at org.apache.catalina.valves.ErrorReportValve.invoke(ErrorReportValve.java:92)\r\n	at org.apache.catalina.core.StandardEngineValve.invoke(StandardEngineValve.java:74)\r\n	at org.apache.catalina.connector.CoyoteAdapter.service(CoyoteAdapter.java:343)\r\n	at org.apache.coyote.http11.Http11Processor.service(Http11Processor.java:373)\r\n	at org.apache.coyote.AbstractProcessorLight.process(AbstractProcessorLight.java:65)\r\n	at org.apache.coyote.AbstractProtocol$ConnectionHandler.process(AbstractProtocol.java:868)\r\n	at org.apache.tomcat.util.net.NioEndpoint$SocketProcessor.doRun(NioEndpoint.java:1589)\r\n	at org.apache.tomcat.util.net.SocketProcessorBase.run(SocketProcessorBase.java:49)\r\n	at java.util.concurrent.ThreadPoolExecutor.runWorker(ThreadPoolExecutor.java:1149)\r\n	at java.util.concurrent.ThreadPoolExecutor$Worker.run(ThreadPoolExecutor.java:624)\r\n	at org.apache.tomcat.util.threads.TaskThread$WrappingRunnable.run(TaskThread.java:61)\r\n	at java.lang.Thread.run(Thread.java:748)\r\nCaused by: java.io.IOException: 你的主机中的软件中止了一个已建立的连接。\r\n	at sun.nio.ch.SocketDispatcher.write0(Native Method)\r\n	at sun.nio.ch.SocketDispatcher.write(SocketDispatcher.java:51)\r\n	at sun.nio.ch.IOUtil.writeFromNativeBuffer(IOUtil.java:93)\r\n	at sun.nio.ch.IOUtil.write(IOUtil.java:65)\r\n	at sun.nio.ch.SocketChannelImpl.write(SocketChannelImpl.java:471)\r\n	at org.apache.tomcat.util.net.NioChannel.write(NioChannel.java:138)\r\n	at org.apache.tomcat.util.net.NioBlockingSelector.write(NioBlockingSelector.java:101)\r\n	at org.apache.tomcat.util.net.NioSelectorPool.write(NioSelectorPool.java:152)\r\n	at org.apache.tomcat.util.net.NioEndpoint$NioSocketWrapper.doWrite(NioEndpoint.java:1252)\r\n	at org.apache.tomcat.util.net.SocketWrapperBase.doWrite(SocketWrapperBase.java:764)\r\n	at org.apache.tomcat.util.net.SocketWrapperBase.flushBlocking(SocketWrapperBase.java:717)\r\n	at org.apache.tomcat.util.net.SocketWrapperBase.flush(SocketWrapperBase.java:707)\r\n	at org.apache.coyote.http11.Http11OutputBuffer$SocketOutputBuffer.flush(Http11OutputBuffer.java:564)\r\n	at org.apache.coyote.http11.filters.ChunkedOutputFilter.flush(ChunkedOutputFilter.java:157)\r\n	at org.apache.coyote.http11.Http11OutputBuffer.flush(Http11OutputBuffer.java:217)\r\n	at org.apache.coyote.http11.Http11Processor.flush(Http11Processor.java:1179)\r\n	at org.apache.coyote.AbstractProcessor.action(AbstractProcessor.java:399)\r\n	at org.apache.coyote.Response.action(Response.java:209)\r\n	at org.apache.catalina.connector.OutputBuffer.doFlush(OutputBuffer.java:305)\r\n	... 45 more\r\n'),(5,'wujiu','0:0:0:0:0:0:0:1','局域网或本机',NULL,'2020-11-24 17:20:09','java.lang.NullPointerException\r\n	at com.fanhao.businessplatform.service.TaskService.getPersonalTaskInfo(TaskService.java:44)\r\n	at com.fanhao.businessplatform.controller.TaskController.getPersonalTaskInfo(TaskController.java:63)\r\n	at sun.reflect.NativeMethodAccessorImpl.invoke0(Native Method)\r\n	at sun.reflect.NativeMethodAccessorImpl.invoke(NativeMethodAccessorImpl.java:62)\r\n	at sun.reflect.DelegatingMethodAccessorImpl.invoke(DelegatingMethodAccessorImpl.java:43)\r\n	at java.lang.reflect.Method.invoke(Method.java:498)\r\n	at org.springframework.web.method.support.InvocableHandlerMethod.doInvoke(InvocableHandlerMethod.java:190)\r\n	at org.springframework.web.method.support.InvocableHandlerMethod.invokeForRequest(InvocableHandlerMethod.java:138)\r\n	at org.springframework.web.servlet.mvc.method.annotation.ServletInvocableHandlerMethod.invokeAndHandle(ServletInvocableHandlerMethod.java:105)\r\n	at org.springframework.web.servlet.mvc.method.annotation.RequestMappingHandlerAdapter.invokeHandlerMethod(RequestMappingHandlerAdapter.java:878)\r\n	at org.springframework.web.servlet.mvc.method.annotation.RequestMappingHandlerAdapter.handleInternal(RequestMappingHandlerAdapter.java:792)\r\n	at org.springframework.web.servlet.mvc.method.AbstractHandlerMethodAdapter.handle(AbstractHandlerMethodAdapter.java:87)\r\n	at org.springframework.web.servlet.DispatcherServlet.doDispatch(DispatcherServlet.java:1040)\r\n	at org.springframework.web.servlet.DispatcherServlet.doService(DispatcherServlet.java:943)\r\n	at org.springframework.web.servlet.FrameworkServlet.processRequest(FrameworkServlet.java:1006)\r\n	at org.springframework.web.servlet.FrameworkServlet.doGet(FrameworkServlet.java:898)\r\n	at javax.servlet.http.HttpServlet.service(HttpServlet.java:626)\r\n	at org.springframework.web.servlet.FrameworkServlet.service(FrameworkServlet.java:883)\r\n	at javax.servlet.http.HttpServlet.service(HttpServlet.java:733)\r\n	at org.apache.catalina.core.ApplicationFilterChain.internalDoFilter(ApplicationFilterChain.java:231)\r\n	at org.apache.catalina.core.ApplicationFilterChain.doFilter(ApplicationFilterChain.java:166)\r\n	at org.apache.tomcat.websocket.server.WsFilter.doFilter(WsFilter.java:53)\r\n	at org.apache.catalina.core.ApplicationFilterChain.internalDoFilter(ApplicationFilterChain.java:193)\r\n	at org.apache.catalina.core.ApplicationFilterChain.doFilter(ApplicationFilterChain.java:166)\r\n	at org.springframework.web.filter.CharacterEncodingFilter.doFilterInternal(CharacterEncodingFilter.java:201)\r\n	at org.springframework.web.filter.OncePerRequestFilter.doFilter(OncePerRequestFilter.java:119)\r\n	at org.apache.catalina.core.ApplicationFilterChain.internalDoFilter(ApplicationFilterChain.java:193)\r\n	at org.apache.catalina.core.ApplicationFilterChain.doFilter(ApplicationFilterChain.java:166)\r\n	at org.apache.catalina.core.StandardWrapperValve.invoke(StandardWrapperValve.java:202)\r\n	at org.apache.catalina.core.StandardContextValve.invoke(StandardContextValve.java:96)\r\n	at org.apache.catalina.authenticator.AuthenticatorBase.invoke(AuthenticatorBase.java:541)\r\n	at org.apache.catalina.core.StandardHostValve.invoke(StandardHostValve.java:139)\r\n	at org.apache.catalina.valves.ErrorReportValve.invoke(ErrorReportValve.java:92)\r\n	at org.apache.catalina.core.StandardEngineValve.invoke(StandardEngineValve.java:74)\r\n	at org.apache.catalina.connector.CoyoteAdapter.service(CoyoteAdapter.java:343)\r\n	at org.apache.coyote.http11.Http11Processor.service(Http11Processor.java:373)\r\n	at org.apache.coyote.AbstractProcessorLight.process(AbstractProcessorLight.java:65)\r\n	at org.apache.coyote.AbstractProtocol$ConnectionHandler.process(AbstractProtocol.java:868)\r\n	at org.apache.tomcat.util.net.NioEndpoint$SocketProcessor.doRun(NioEndpoint.java:1589)\r\n	at org.apache.tomcat.util.net.SocketProcessorBase.run(SocketProcessorBase.java:49)\r\n	at java.util.concurrent.ThreadPoolExecutor.runWorker(ThreadPoolExecutor.java:1149)\r\n	at java.util.concurrent.ThreadPoolExecutor$Worker.run(ThreadPoolExecutor.java:624)\r\n	at org.apache.tomcat.util.threads.TaskThread$WrappingRunnable.run(TaskThread.java:61)\r\n	at java.lang.Thread.run(Thread.java:748)\r\n'),(6,'wujiu','0:0:0:0:0:0:0:1','局域网或本机',NULL,'2020-11-24 17:21:46','java.lang.NullPointerException\r\n	at com.fanhao.businessplatform.service.TaskService.getPersonalTaskInfo(TaskService.java:44)\r\n	at com.fanhao.businessplatform.controller.TaskController.getPersonalTaskInfo(TaskController.java:63)\r\n	at sun.reflect.NativeMethodAccessorImpl.invoke0(Native Method)\r\n	at sun.reflect.NativeMethodAccessorImpl.invoke(NativeMethodAccessorImpl.java:62)\r\n	at sun.reflect.DelegatingMethodAccessorImpl.invoke(DelegatingMethodAccessorImpl.java:43)\r\n	at java.lang.reflect.Method.invoke(Method.java:498)\r\n	at org.springframework.web.method.support.InvocableHandlerMethod.doInvoke(InvocableHandlerMethod.java:190)\r\n	at org.springframework.web.method.support.InvocableHandlerMethod.invokeForRequest(InvocableHandlerMethod.java:138)\r\n	at org.springframework.web.servlet.mvc.method.annotation.ServletInvocableHandlerMethod.invokeAndHandle(ServletInvocableHandlerMethod.java:105)\r\n	at org.springframework.web.servlet.mvc.method.annotation.RequestMappingHandlerAdapter.invokeHandlerMethod(RequestMappingHandlerAdapter.java:878)\r\n	at org.springframework.web.servlet.mvc.method.annotation.RequestMappingHandlerAdapter.handleInternal(RequestMappingHandlerAdapter.java:792)\r\n	at org.springframework.web.servlet.mvc.method.AbstractHandlerMethodAdapter.handle(AbstractHandlerMethodAdapter.java:87)\r\n	at org.springframework.web.servlet.DispatcherServlet.doDispatch(DispatcherServlet.java:1040)\r\n	at org.springframework.web.servlet.DispatcherServlet.doService(DispatcherServlet.java:943)\r\n	at org.springframework.web.servlet.FrameworkServlet.processRequest(FrameworkServlet.java:1006)\r\n	at org.springframework.web.servlet.FrameworkServlet.doGet(FrameworkServlet.java:898)\r\n	at javax.servlet.http.HttpServlet.service(HttpServlet.java:626)\r\n	at org.springframework.web.servlet.FrameworkServlet.service(FrameworkServlet.java:883)\r\n	at javax.servlet.http.HttpServlet.service(HttpServlet.java:733)\r\n	at org.apache.catalina.core.ApplicationFilterChain.internalDoFilter(ApplicationFilterChain.java:231)\r\n	at org.apache.catalina.core.ApplicationFilterChain.doFilter(ApplicationFilterChain.java:166)\r\n	at org.apache.tomcat.websocket.server.WsFilter.doFilter(WsFilter.java:53)\r\n	at org.apache.catalina.core.ApplicationFilterChain.internalDoFilter(ApplicationFilterChain.java:193)\r\n	at org.apache.catalina.core.ApplicationFilterChain.doFilter(ApplicationFilterChain.java:166)\r\n	at org.springframework.web.filter.CharacterEncodingFilter.doFilterInternal(CharacterEncodingFilter.java:201)\r\n	at org.springframework.web.filter.OncePerRequestFilter.doFilter(OncePerRequestFilter.java:119)\r\n	at org.apache.catalina.core.ApplicationFilterChain.internalDoFilter(ApplicationFilterChain.java:193)\r\n	at org.apache.catalina.core.ApplicationFilterChain.doFilter(ApplicationFilterChain.java:166)\r\n	at org.apache.catalina.core.StandardWrapperValve.invoke(StandardWrapperValve.java:202)\r\n	at org.apache.catalina.core.StandardContextValve.invoke(StandardContextValve.java:96)\r\n	at org.apache.catalina.authenticator.AuthenticatorBase.invoke(AuthenticatorBase.java:541)\r\n	at org.apache.catalina.core.StandardHostValve.invoke(StandardHostValve.java:139)\r\n	at org.apache.catalina.valves.ErrorReportValve.invoke(ErrorReportValve.java:92)\r\n	at org.apache.catalina.core.StandardEngineValve.invoke(StandardEngineValve.java:74)\r\n	at org.apache.catalina.connector.CoyoteAdapter.service(CoyoteAdapter.java:343)\r\n	at org.apache.coyote.http11.Http11Processor.service(Http11Processor.java:373)\r\n	at org.apache.coyote.AbstractProcessorLight.process(AbstractProcessorLight.java:65)\r\n	at org.apache.coyote.AbstractProtocol$ConnectionHandler.process(AbstractProtocol.java:868)\r\n	at org.apache.tomcat.util.net.NioEndpoint$SocketProcessor.doRun(NioEndpoint.java:1589)\r\n	at org.apache.tomcat.util.net.SocketProcessorBase.run(SocketProcessorBase.java:49)\r\n	at java.util.concurrent.ThreadPoolExecutor.runWorker(ThreadPoolExecutor.java:1149)\r\n	at java.util.concurrent.ThreadPoolExecutor$Worker.run(ThreadPoolExecutor.java:624)\r\n	at org.apache.tomcat.util.threads.TaskThread$WrappingRunnable.run(TaskThread.java:61)\r\n	at java.lang.Thread.run(Thread.java:748)\r\n'),(7,'wujiu','0:0:0:0:0:0:0:1','局域网或本机',NULL,'2020-11-24 17:22:21','java.lang.NullPointerException\r\n	at com.fanhao.businessplatform.service.TaskService.getPersonalTaskInfo(TaskService.java:44)\r\n	at com.fanhao.businessplatform.controller.TaskController.getPersonalTaskInfo(TaskController.java:63)\r\n	at sun.reflect.NativeMethodAccessorImpl.invoke0(Native Method)\r\n	at sun.reflect.NativeMethodAccessorImpl.invoke(NativeMethodAccessorImpl.java:62)\r\n	at sun.reflect.DelegatingMethodAccessorImpl.invoke(DelegatingMethodAccessorImpl.java:43)\r\n	at java.lang.reflect.Method.invoke(Method.java:498)\r\n	at org.springframework.web.method.support.InvocableHandlerMethod.doInvoke(InvocableHandlerMethod.java:190)\r\n	at org.springframework.web.method.support.InvocableHandlerMethod.invokeForRequest(InvocableHandlerMethod.java:138)\r\n	at org.springframework.web.servlet.mvc.method.annotation.ServletInvocableHandlerMethod.invokeAndHandle(ServletInvocableHandlerMethod.java:105)\r\n	at org.springframework.web.servlet.mvc.method.annotation.RequestMappingHandlerAdapter.invokeHandlerMethod(RequestMappingHandlerAdapter.java:878)\r\n	at org.springframework.web.servlet.mvc.method.annotation.RequestMappingHandlerAdapter.handleInternal(RequestMappingHandlerAdapter.java:792)\r\n	at org.springframework.web.servlet.mvc.method.AbstractHandlerMethodAdapter.handle(AbstractHandlerMethodAdapter.java:87)\r\n	at org.springframework.web.servlet.DispatcherServlet.doDispatch(DispatcherServlet.java:1040)\r\n	at org.springframework.web.servlet.DispatcherServlet.doService(DispatcherServlet.java:943)\r\n	at org.springframework.web.servlet.FrameworkServlet.processRequest(FrameworkServlet.java:1006)\r\n	at org.springframework.web.servlet.FrameworkServlet.doGet(FrameworkServlet.java:898)\r\n	at javax.servlet.http.HttpServlet.service(HttpServlet.java:626)\r\n	at org.springframework.web.servlet.FrameworkServlet.service(FrameworkServlet.java:883)\r\n	at javax.servlet.http.HttpServlet.service(HttpServlet.java:733)\r\n	at org.apache.catalina.core.ApplicationFilterChain.internalDoFilter(ApplicationFilterChain.java:231)\r\n	at org.apache.catalina.core.ApplicationFilterChain.doFilter(ApplicationFilterChain.java:166)\r\n	at org.apache.tomcat.websocket.server.WsFilter.doFilter(WsFilter.java:53)\r\n	at org.apache.catalina.core.ApplicationFilterChain.internalDoFilter(ApplicationFilterChain.java:193)\r\n	at org.apache.catalina.core.ApplicationFilterChain.doFilter(ApplicationFilterChain.java:166)\r\n	at org.springframework.web.filter.CharacterEncodingFilter.doFilterInternal(CharacterEncodingFilter.java:201)\r\n	at org.springframework.web.filter.OncePerRequestFilter.doFilter(OncePerRequestFilter.java:119)\r\n	at org.apache.catalina.core.ApplicationFilterChain.internalDoFilter(ApplicationFilterChain.java:193)\r\n	at org.apache.catalina.core.ApplicationFilterChain.doFilter(ApplicationFilterChain.java:166)\r\n	at org.apache.catalina.core.StandardWrapperValve.invoke(StandardWrapperValve.java:202)\r\n	at org.apache.catalina.core.StandardContextValve.invoke(StandardContextValve.java:96)\r\n	at org.apache.catalina.authenticator.AuthenticatorBase.invoke(AuthenticatorBase.java:541)\r\n	at org.apache.catalina.core.StandardHostValve.invoke(StandardHostValve.java:139)\r\n	at org.apache.catalina.valves.ErrorReportValve.invoke(ErrorReportValve.java:92)\r\n	at org.apache.catalina.core.StandardEngineValve.invoke(StandardEngineValve.java:74)\r\n	at org.apache.catalina.connector.CoyoteAdapter.service(CoyoteAdapter.java:343)\r\n	at org.apache.coyote.http11.Http11Processor.service(Http11Processor.java:373)\r\n	at org.apache.coyote.AbstractProcessorLight.process(AbstractProcessorLight.java:65)\r\n	at org.apache.coyote.AbstractProtocol$ConnectionHandler.process(AbstractProtocol.java:868)\r\n	at org.apache.tomcat.util.net.NioEndpoint$SocketProcessor.doRun(NioEndpoint.java:1589)\r\n	at org.apache.tomcat.util.net.SocketProcessorBase.run(SocketProcessorBase.java:49)\r\n	at java.util.concurrent.ThreadPoolExecutor.runWorker(ThreadPoolExecutor.java:1149)\r\n	at java.util.concurrent.ThreadPoolExecutor$Worker.run(ThreadPoolExecutor.java:624)\r\n	at org.apache.tomcat.util.threads.TaskThread$WrappingRunnable.run(TaskThread.java:61)\r\n	at java.lang.Thread.run(Thread.java:748)\r\n'),(8,'wujiu','0:0:0:0:0:0:0:1','局域网或本机',NULL,'2020-11-24 17:22:55','java.lang.NullPointerException\r\n	at com.fanhao.businessplatform.service.TaskService.getPersonalTaskInfo(TaskService.java:44)\r\n	at com.fanhao.businessplatform.controller.TaskController.getPersonalTaskInfo(TaskController.java:63)\r\n	at sun.reflect.NativeMethodAccessorImpl.invoke0(Native Method)\r\n	at sun.reflect.NativeMethodAccessorImpl.invoke(NativeMethodAccessorImpl.java:62)\r\n	at sun.reflect.DelegatingMethodAccessorImpl.invoke(DelegatingMethodAccessorImpl.java:43)\r\n	at java.lang.reflect.Method.invoke(Method.java:498)\r\n	at org.springframework.web.method.support.InvocableHandlerMethod.doInvoke(InvocableHandlerMethod.java:190)\r\n	at org.springframework.web.method.support.InvocableHandlerMethod.invokeForRequest(InvocableHandlerMethod.java:138)\r\n	at org.springframework.web.servlet.mvc.method.annotation.ServletInvocableHandlerMethod.invokeAndHandle(ServletInvocableHandlerMethod.java:105)\r\n	at org.springframework.web.servlet.mvc.method.annotation.RequestMappingHandlerAdapter.invokeHandlerMethod(RequestMappingHandlerAdapter.java:878)\r\n	at org.springframework.web.servlet.mvc.method.annotation.RequestMappingHandlerAdapter.handleInternal(RequestMappingHandlerAdapter.java:792)\r\n	at org.springframework.web.servlet.mvc.method.AbstractHandlerMethodAdapter.handle(AbstractHandlerMethodAdapter.java:87)\r\n	at org.springframework.web.servlet.DispatcherServlet.doDispatch(DispatcherServlet.java:1040)\r\n	at org.springframework.web.servlet.DispatcherServlet.doService(DispatcherServlet.java:943)\r\n	at org.springframework.web.servlet.FrameworkServlet.processRequest(FrameworkServlet.java:1006)\r\n	at org.springframework.web.servlet.FrameworkServlet.doGet(FrameworkServlet.java:898)\r\n	at javax.servlet.http.HttpServlet.service(HttpServlet.java:626)\r\n	at org.springframework.web.servlet.FrameworkServlet.service(FrameworkServlet.java:883)\r\n	at javax.servlet.http.HttpServlet.service(HttpServlet.java:733)\r\n	at org.apache.catalina.core.ApplicationFilterChain.internalDoFilter(ApplicationFilterChain.java:231)\r\n	at org.apache.catalina.core.ApplicationFilterChain.doFilter(ApplicationFilterChain.java:166)\r\n	at org.apache.tomcat.websocket.server.WsFilter.doFilter(WsFilter.java:53)\r\n	at org.apache.catalina.core.ApplicationFilterChain.internalDoFilter(ApplicationFilterChain.java:193)\r\n	at org.apache.catalina.core.ApplicationFilterChain.doFilter(ApplicationFilterChain.java:166)\r\n	at org.springframework.web.filter.CharacterEncodingFilter.doFilterInternal(CharacterEncodingFilter.java:201)\r\n	at org.springframework.web.filter.OncePerRequestFilter.doFilter(OncePerRequestFilter.java:119)\r\n	at org.apache.catalina.core.ApplicationFilterChain.internalDoFilter(ApplicationFilterChain.java:193)\r\n	at org.apache.catalina.core.ApplicationFilterChain.doFilter(ApplicationFilterChain.java:166)\r\n	at org.apache.catalina.core.StandardWrapperValve.invoke(StandardWrapperValve.java:202)\r\n	at org.apache.catalina.core.StandardContextValve.invoke(StandardContextValve.java:96)\r\n	at org.apache.catalina.authenticator.AuthenticatorBase.invoke(AuthenticatorBase.java:541)\r\n	at org.apache.catalina.core.StandardHostValve.invoke(StandardHostValve.java:139)\r\n	at org.apache.catalina.valves.ErrorReportValve.invoke(ErrorReportValve.java:92)\r\n	at org.apache.catalina.core.StandardEngineValve.invoke(StandardEngineValve.java:74)\r\n	at org.apache.catalina.connector.CoyoteAdapter.service(CoyoteAdapter.java:343)\r\n	at org.apache.coyote.http11.Http11Processor.service(Http11Processor.java:373)\r\n	at org.apache.coyote.AbstractProcessorLight.process(AbstractProcessorLight.java:65)\r\n	at org.apache.coyote.AbstractProtocol$ConnectionHandler.process(AbstractProtocol.java:868)\r\n	at org.apache.tomcat.util.net.NioEndpoint$SocketProcessor.doRun(NioEndpoint.java:1589)\r\n	at org.apache.tomcat.util.net.SocketProcessorBase.run(SocketProcessorBase.java:49)\r\n	at java.util.concurrent.ThreadPoolExecutor.runWorker(ThreadPoolExecutor.java:1149)\r\n	at java.util.concurrent.ThreadPoolExecutor$Worker.run(ThreadPoolExecutor.java:624)\r\n	at org.apache.tomcat.util.threads.TaskThread$WrappingRunnable.run(TaskThread.java:61)\r\n	at java.lang.Thread.run(Thread.java:748)\r\n'),(9,NULL,'0:0:0:0:0:0:0:1','局域网或本机',NULL,'2020-11-26 11:09:24','java.lang.NullPointerException\r\n	at com.fanhao.businessplatform.service.PermissionService.checkUserPermission(PermissionService.java:26)\r\n	at com.fanhao.businessplatform.controller.LoginController.indexPage(LoginController.java:39)\r\n	at sun.reflect.NativeMethodAccessorImpl.invoke0(Native Method)\r\n	at sun.reflect.NativeMethodAccessorImpl.invoke(NativeMethodAccessorImpl.java:62)\r\n	at sun.reflect.DelegatingMethodAccessorImpl.invoke(DelegatingMethodAccessorImpl.java:43)\r\n	at java.lang.reflect.Method.invoke(Method.java:498)\r\n	at org.springframework.web.method.support.InvocableHandlerMethod.doInvoke(InvocableHandlerMethod.java:190)\r\n	at org.springframework.web.method.support.InvocableHandlerMethod.invokeForRequest(InvocableHandlerMethod.java:138)\r\n	at org.springframework.web.servlet.mvc.method.annotation.ServletInvocableHandlerMethod.invokeAndHandle(ServletInvocableHandlerMethod.java:105)\r\n	at org.springframework.web.servlet.mvc.method.annotation.RequestMappingHandlerAdapter.invokeHandlerMethod(RequestMappingHandlerAdapter.java:878)\r\n	at org.springframework.web.servlet.mvc.method.annotation.RequestMappingHandlerAdapter.handleInternal(RequestMappingHandlerAdapter.java:792)\r\n	at org.springframework.web.servlet.mvc.method.AbstractHandlerMethodAdapter.handle(AbstractHandlerMethodAdapter.java:87)\r\n	at org.springframework.web.servlet.DispatcherServlet.doDispatch(DispatcherServlet.java:1040)\r\n	at org.springframework.web.servlet.DispatcherServlet.doService(DispatcherServlet.java:943)\r\n	at org.springframework.web.servlet.FrameworkServlet.processRequest(FrameworkServlet.java:1006)\r\n	at org.springframework.web.servlet.FrameworkServlet.doGet(FrameworkServlet.java:898)\r\n	at javax.servlet.http.HttpServlet.service(HttpServlet.java:626)\r\n	at org.springframework.web.servlet.FrameworkServlet.service(FrameworkServlet.java:883)\r\n	at javax.servlet.http.HttpServlet.service(HttpServlet.java:733)\r\n	at org.apache.catalina.core.ApplicationFilterChain.internalDoFilter(ApplicationFilterChain.java:231)\r\n	at org.apache.catalina.core.ApplicationFilterChain.doFilter(ApplicationFilterChain.java:166)\r\n	at org.apache.tomcat.websocket.server.WsFilter.doFilter(WsFilter.java:53)\r\n	at org.apache.catalina.core.ApplicationFilterChain.internalDoFilter(ApplicationFilterChain.java:193)\r\n	at org.apache.catalina.core.ApplicationFilterChain.doFilter(ApplicationFilterChain.java:166)\r\n	at org.springframework.web.filter.CharacterEncodingFilter.doFilterInternal(CharacterEncodingFilter.java:201)\r\n	at org.springframework.web.filter.OncePerRequestFilter.doFilter(OncePerRequestFilter.java:119)\r\n	at org.apache.catalina.core.ApplicationFilterChain.internalDoFilter(ApplicationFilterChain.java:193)\r\n	at org.apache.catalina.core.ApplicationFilterChain.doFilter(ApplicationFilterChain.java:166)\r\n	at org.apache.catalina.core.StandardWrapperValve.invoke(StandardWrapperValve.java:202)\r\n	at org.apache.catalina.core.StandardContextValve.invoke(StandardContextValve.java:96)\r\n	at org.apache.catalina.authenticator.AuthenticatorBase.invoke(AuthenticatorBase.java:541)\r\n	at org.apache.catalina.core.StandardHostValve.invoke(StandardHostValve.java:139)\r\n	at org.apache.catalina.valves.ErrorReportValve.invoke(ErrorReportValve.java:92)\r\n	at org.apache.catalina.core.StandardEngineValve.invoke(StandardEngineValve.java:74)\r\n	at org.apache.catalina.connector.CoyoteAdapter.service(CoyoteAdapter.java:343)\r\n	at org.apache.coyote.http11.Http11Processor.service(Http11Processor.java:373)\r\n	at org.apache.coyote.AbstractProcessorLight.process(AbstractProcessorLight.java:65)\r\n	at org.apache.coyote.AbstractProtocol$ConnectionHandler.process(AbstractProtocol.java:868)\r\n	at org.apache.tomcat.util.net.NioEndpoint$SocketProcessor.doRun(NioEndpoint.java:1589)\r\n	at org.apache.tomcat.util.net.SocketProcessorBase.run(SocketProcessorBase.java:49)\r\n	at java.util.concurrent.ThreadPoolExecutor.runWorker(ThreadPoolExecutor.java:1149)\r\n	at java.util.concurrent.ThreadPoolExecutor$Worker.run(ThreadPoolExecutor.java:624)\r\n	at org.apache.tomcat.util.threads.TaskThread$WrappingRunnable.run(TaskThread.java:61)\r\n	at java.lang.Thread.run(Thread.java:748)\r\n'),(10,NULL,'0:0:0:0:0:0:0:1','局域网或本机',NULL,'2020-11-26 11:09:26','java.lang.NullPointerException\r\n	at com.fanhao.businessplatform.service.PermissionService.checkUserPermission(PermissionService.java:26)\r\n	at com.fanhao.businessplatform.controller.LoginController.indexPage(LoginController.java:39)\r\n	at sun.reflect.NativeMethodAccessorImpl.invoke0(Native Method)\r\n	at sun.reflect.NativeMethodAccessorImpl.invoke(NativeMethodAccessorImpl.java:62)\r\n	at sun.reflect.DelegatingMethodAccessorImpl.invoke(DelegatingMethodAccessorImpl.java:43)\r\n	at java.lang.reflect.Method.invoke(Method.java:498)\r\n	at org.springframework.web.method.support.InvocableHandlerMethod.doInvoke(InvocableHandlerMethod.java:190)\r\n	at org.springframework.web.method.support.InvocableHandlerMethod.invokeForRequest(InvocableHandlerMethod.java:138)\r\n	at org.springframework.web.servlet.mvc.method.annotation.ServletInvocableHandlerMethod.invokeAndHandle(ServletInvocableHandlerMethod.java:105)\r\n	at org.springframework.web.servlet.mvc.method.annotation.RequestMappingHandlerAdapter.invokeHandlerMethod(RequestMappingHandlerAdapter.java:878)\r\n	at org.springframework.web.servlet.mvc.method.annotation.RequestMappingHandlerAdapter.handleInternal(RequestMappingHandlerAdapter.java:792)\r\n	at org.springframework.web.servlet.mvc.method.AbstractHandlerMethodAdapter.handle(AbstractHandlerMethodAdapter.java:87)\r\n	at org.springframework.web.servlet.DispatcherServlet.doDispatch(DispatcherServlet.java:1040)\r\n	at org.springframework.web.servlet.DispatcherServlet.doService(DispatcherServlet.java:943)\r\n	at org.springframework.web.servlet.FrameworkServlet.processRequest(FrameworkServlet.java:1006)\r\n	at org.springframework.web.servlet.FrameworkServlet.doGet(FrameworkServlet.java:898)\r\n	at javax.servlet.http.HttpServlet.service(HttpServlet.java:626)\r\n	at org.springframework.web.servlet.FrameworkServlet.service(FrameworkServlet.java:883)\r\n	at javax.servlet.http.HttpServlet.service(HttpServlet.java:733)\r\n	at org.apache.catalina.core.ApplicationFilterChain.internalDoFilter(ApplicationFilterChain.java:231)\r\n	at org.apache.catalina.core.ApplicationFilterChain.doFilter(ApplicationFilterChain.java:166)\r\n	at org.apache.tomcat.websocket.server.WsFilter.doFilter(WsFilter.java:53)\r\n	at org.apache.catalina.core.ApplicationFilterChain.internalDoFilter(ApplicationFilterChain.java:193)\r\n	at org.apache.catalina.core.ApplicationFilterChain.doFilter(ApplicationFilterChain.java:166)\r\n	at org.springframework.web.filter.CharacterEncodingFilter.doFilterInternal(CharacterEncodingFilter.java:201)\r\n	at org.springframework.web.filter.OncePerRequestFilter.doFilter(OncePerRequestFilter.java:119)\r\n	at org.apache.catalina.core.ApplicationFilterChain.internalDoFilter(ApplicationFilterChain.java:193)\r\n	at org.apache.catalina.core.ApplicationFilterChain.doFilter(ApplicationFilterChain.java:166)\r\n	at org.apache.catalina.core.StandardWrapperValve.invoke(StandardWrapperValve.java:202)\r\n	at org.apache.catalina.core.StandardContextValve.invoke(StandardContextValve.java:96)\r\n	at org.apache.catalina.authenticator.AuthenticatorBase.invoke(AuthenticatorBase.java:541)\r\n	at org.apache.catalina.core.StandardHostValve.invoke(StandardHostValve.java:139)\r\n	at org.apache.catalina.valves.ErrorReportValve.invoke(ErrorReportValve.java:92)\r\n	at org.apache.catalina.core.StandardEngineValve.invoke(StandardEngineValve.java:74)\r\n	at org.apache.catalina.connector.CoyoteAdapter.service(CoyoteAdapter.java:343)\r\n	at org.apache.coyote.http11.Http11Processor.service(Http11Processor.java:373)\r\n	at org.apache.coyote.AbstractProcessorLight.process(AbstractProcessorLight.java:65)\r\n	at org.apache.coyote.AbstractProtocol$ConnectionHandler.process(AbstractProtocol.java:868)\r\n	at org.apache.tomcat.util.net.NioEndpoint$SocketProcessor.doRun(NioEndpoint.java:1589)\r\n	at org.apache.tomcat.util.net.SocketProcessorBase.run(SocketProcessorBase.java:49)\r\n	at java.util.concurrent.ThreadPoolExecutor.runWorker(ThreadPoolExecutor.java:1149)\r\n	at java.util.concurrent.ThreadPoolExecutor$Worker.run(ThreadPoolExecutor.java:624)\r\n	at org.apache.tomcat.util.threads.TaskThread$WrappingRunnable.run(TaskThread.java:61)\r\n	at java.lang.Thread.run(Thread.java:748)\r\n'),(11,NULL,'0:0:0:0:0:0:0:1','局域网或本机',NULL,'2020-11-26 11:09:36','java.lang.NullPointerException\r\n	at com.fanhao.businessplatform.service.PermissionService.checkUserPermission(PermissionService.java:26)\r\n	at com.fanhao.businessplatform.controller.LoginController.indexPage(LoginController.java:39)\r\n	at sun.reflect.NativeMethodAccessorImpl.invoke0(Native Method)\r\n	at sun.reflect.NativeMethodAccessorImpl.invoke(NativeMethodAccessorImpl.java:62)\r\n	at sun.reflect.DelegatingMethodAccessorImpl.invoke(DelegatingMethodAccessorImpl.java:43)\r\n	at java.lang.reflect.Method.invoke(Method.java:498)\r\n	at org.springframework.web.method.support.InvocableHandlerMethod.doInvoke(InvocableHandlerMethod.java:190)\r\n	at org.springframework.web.method.support.InvocableHandlerMethod.invokeForRequest(InvocableHandlerMethod.java:138)\r\n	at org.springframework.web.servlet.mvc.method.annotation.ServletInvocableHandlerMethod.invokeAndHandle(ServletInvocableHandlerMethod.java:105)\r\n	at org.springframework.web.servlet.mvc.method.annotation.RequestMappingHandlerAdapter.invokeHandlerMethod(RequestMappingHandlerAdapter.java:878)\r\n	at org.springframework.web.servlet.mvc.method.annotation.RequestMappingHandlerAdapter.handleInternal(RequestMappingHandlerAdapter.java:792)\r\n	at org.springframework.web.servlet.mvc.method.AbstractHandlerMethodAdapter.handle(AbstractHandlerMethodAdapter.java:87)\r\n	at org.springframework.web.servlet.DispatcherServlet.doDispatch(DispatcherServlet.java:1040)\r\n	at org.springframework.web.servlet.DispatcherServlet.doService(DispatcherServlet.java:943)\r\n	at org.springframework.web.servlet.FrameworkServlet.processRequest(FrameworkServlet.java:1006)\r\n	at org.springframework.web.servlet.FrameworkServlet.doGet(FrameworkServlet.java:898)\r\n	at javax.servlet.http.HttpServlet.service(HttpServlet.java:626)\r\n	at org.springframework.web.servlet.FrameworkServlet.service(FrameworkServlet.java:883)\r\n	at javax.servlet.http.HttpServlet.service(HttpServlet.java:733)\r\n	at org.apache.catalina.core.ApplicationFilterChain.internalDoFilter(ApplicationFilterChain.java:231)\r\n	at org.apache.catalina.core.ApplicationFilterChain.doFilter(ApplicationFilterChain.java:166)\r\n	at org.apache.tomcat.websocket.server.WsFilter.doFilter(WsFilter.java:53)\r\n	at org.apache.catalina.core.ApplicationFilterChain.internalDoFilter(ApplicationFilterChain.java:193)\r\n	at org.apache.catalina.core.ApplicationFilterChain.doFilter(ApplicationFilterChain.java:166)\r\n	at org.springframework.web.filter.CharacterEncodingFilter.doFilterInternal(CharacterEncodingFilter.java:201)\r\n	at org.springframework.web.filter.OncePerRequestFilter.doFilter(OncePerRequestFilter.java:119)\r\n	at org.apache.catalina.core.ApplicationFilterChain.internalDoFilter(ApplicationFilterChain.java:193)\r\n	at org.apache.catalina.core.ApplicationFilterChain.doFilter(ApplicationFilterChain.java:166)\r\n	at org.apache.catalina.core.StandardWrapperValve.invoke(StandardWrapperValve.java:202)\r\n	at org.apache.catalina.core.StandardContextValve.invoke(StandardContextValve.java:96)\r\n	at org.apache.catalina.authenticator.AuthenticatorBase.invoke(AuthenticatorBase.java:541)\r\n	at org.apache.catalina.core.StandardHostValve.invoke(StandardHostValve.java:139)\r\n	at org.apache.catalina.valves.ErrorReportValve.invoke(ErrorReportValve.java:92)\r\n	at org.apache.catalina.core.StandardEngineValve.invoke(StandardEngineValve.java:74)\r\n	at org.apache.catalina.connector.CoyoteAdapter.service(CoyoteAdapter.java:343)\r\n	at org.apache.coyote.http11.Http11Processor.service(Http11Processor.java:373)\r\n	at org.apache.coyote.AbstractProcessorLight.process(AbstractProcessorLight.java:65)\r\n	at org.apache.coyote.AbstractProtocol$ConnectionHandler.process(AbstractProtocol.java:868)\r\n	at org.apache.tomcat.util.net.NioEndpoint$SocketProcessor.doRun(NioEndpoint.java:1589)\r\n	at org.apache.tomcat.util.net.SocketProcessorBase.run(SocketProcessorBase.java:49)\r\n	at java.util.concurrent.ThreadPoolExecutor.runWorker(ThreadPoolExecutor.java:1149)\r\n	at java.util.concurrent.ThreadPoolExecutor$Worker.run(ThreadPoolExecutor.java:624)\r\n	at org.apache.tomcat.util.threads.TaskThread$WrappingRunnable.run(TaskThread.java:61)\r\n	at java.lang.Thread.run(Thread.java:748)\r\n'),(12,NULL,'0:0:0:0:0:0:0:1','局域网或本机',NULL,'2020-11-26 11:09:37','java.lang.NullPointerException\r\n	at com.fanhao.businessplatform.service.PermissionService.checkUserPermission(PermissionService.java:26)\r\n	at com.fanhao.businessplatform.controller.LoginController.indexPage(LoginController.java:39)\r\n	at sun.reflect.NativeMethodAccessorImpl.invoke0(Native Method)\r\n	at sun.reflect.NativeMethodAccessorImpl.invoke(NativeMethodAccessorImpl.java:62)\r\n	at sun.reflect.DelegatingMethodAccessorImpl.invoke(DelegatingMethodAccessorImpl.java:43)\r\n	at java.lang.reflect.Method.invoke(Method.java:498)\r\n	at org.springframework.web.method.support.InvocableHandlerMethod.doInvoke(InvocableHandlerMethod.java:190)\r\n	at org.springframework.web.method.support.InvocableHandlerMethod.invokeForRequest(InvocableHandlerMethod.java:138)\r\n	at org.springframework.web.servlet.mvc.method.annotation.ServletInvocableHandlerMethod.invokeAndHandle(ServletInvocableHandlerMethod.java:105)\r\n	at org.springframework.web.servlet.mvc.method.annotation.RequestMappingHandlerAdapter.invokeHandlerMethod(RequestMappingHandlerAdapter.java:878)\r\n	at org.springframework.web.servlet.mvc.method.annotation.RequestMappingHandlerAdapter.handleInternal(RequestMappingHandlerAdapter.java:792)\r\n	at org.springframework.web.servlet.mvc.method.AbstractHandlerMethodAdapter.handle(AbstractHandlerMethodAdapter.java:87)\r\n	at org.springframework.web.servlet.DispatcherServlet.doDispatch(DispatcherServlet.java:1040)\r\n	at org.springframework.web.servlet.DispatcherServlet.doService(DispatcherServlet.java:943)\r\n	at org.springframework.web.servlet.FrameworkServlet.processRequest(FrameworkServlet.java:1006)\r\n	at org.springframework.web.servlet.FrameworkServlet.doGet(FrameworkServlet.java:898)\r\n	at javax.servlet.http.HttpServlet.service(HttpServlet.java:626)\r\n	at org.springframework.web.servlet.FrameworkServlet.service(FrameworkServlet.java:883)\r\n	at javax.servlet.http.HttpServlet.service(HttpServlet.java:733)\r\n	at org.apache.catalina.core.ApplicationFilterChain.internalDoFilter(ApplicationFilterChain.java:231)\r\n	at org.apache.catalina.core.ApplicationFilterChain.doFilter(ApplicationFilterChain.java:166)\r\n	at org.apache.tomcat.websocket.server.WsFilter.doFilter(WsFilter.java:53)\r\n	at org.apache.catalina.core.ApplicationFilterChain.internalDoFilter(ApplicationFilterChain.java:193)\r\n	at org.apache.catalina.core.ApplicationFilterChain.doFilter(ApplicationFilterChain.java:166)\r\n	at org.springframework.web.filter.CharacterEncodingFilter.doFilterInternal(CharacterEncodingFilter.java:201)\r\n	at org.springframework.web.filter.OncePerRequestFilter.doFilter(OncePerRequestFilter.java:119)\r\n	at org.apache.catalina.core.ApplicationFilterChain.internalDoFilter(ApplicationFilterChain.java:193)\r\n	at org.apache.catalina.core.ApplicationFilterChain.doFilter(ApplicationFilterChain.java:166)\r\n	at org.apache.catalina.core.StandardWrapperValve.invoke(StandardWrapperValve.java:202)\r\n	at org.apache.catalina.core.StandardContextValve.invoke(StandardContextValve.java:96)\r\n	at org.apache.catalina.authenticator.AuthenticatorBase.invoke(AuthenticatorBase.java:541)\r\n	at org.apache.catalina.core.StandardHostValve.invoke(StandardHostValve.java:139)\r\n	at org.apache.catalina.valves.ErrorReportValve.invoke(ErrorReportValve.java:92)\r\n	at org.apache.catalina.core.StandardEngineValve.invoke(StandardEngineValve.java:74)\r\n	at org.apache.catalina.connector.CoyoteAdapter.service(CoyoteAdapter.java:343)\r\n	at org.apache.coyote.http11.Http11Processor.service(Http11Processor.java:373)\r\n	at org.apache.coyote.AbstractProcessorLight.process(AbstractProcessorLight.java:65)\r\n	at org.apache.coyote.AbstractProtocol$ConnectionHandler.process(AbstractProtocol.java:868)\r\n	at org.apache.tomcat.util.net.NioEndpoint$SocketProcessor.doRun(NioEndpoint.java:1589)\r\n	at org.apache.tomcat.util.net.SocketProcessorBase.run(SocketProcessorBase.java:49)\r\n	at java.util.concurrent.ThreadPoolExecutor.runWorker(ThreadPoolExecutor.java:1149)\r\n	at java.util.concurrent.ThreadPoolExecutor$Worker.run(ThreadPoolExecutor.java:624)\r\n	at org.apache.tomcat.util.threads.TaskThread$WrappingRunnable.run(TaskThread.java:61)\r\n	at java.lang.Thread.run(Thread.java:748)\r\n'),(13,'wujiu','127.0.0.1','局域网或本机','\r\n### Error updating database.  Cause: java.sql.SQLException: Field \'task_name\' doesn\'t have a default value\r\n### The error may exist in com/fanhao/businessplatform/mapper/TaskMapper.java (best guess)\r\n### The error may involve com.fanhao.businessplatform.mapper.TaskMapper.insert-Inline\r\n### The error occurred while setting parameters\r\n### SQL: INSERT INTO task  ( remark )  VALUES  ( ? )\r\n### Cause: java.sql.SQLException: Field \'task_name\' doesn\'t have a default value\n; Field \'task_name\' doesn\'t have a default value; nested exception is java.sql.SQLException: Field \'task_name\' doesn\'t have a default value','2020-11-27 10:58:31','org.springframework.dao.DataIntegrityViolationException: \r\n### Error updating database.  Cause: java.sql.SQLException: Field \'task_name\' doesn\'t have a default value\r\n### The error may exist in com/fanhao/businessplatform/mapper/TaskMapper.java (best guess)\r\n### The error may involve com.fanhao.businessplatform.mapper.TaskMapper.insert-Inline\r\n### The error occurred while setting parameters\r\n### SQL: INSERT INTO task  ( remark )  VALUES  ( ? )\r\n### Cause: java.sql.SQLException: Field \'task_name\' doesn\'t have a default value\n; Field \'task_name\' doesn\'t have a default value; nested exception is java.sql.SQLException: Field \'task_name\' doesn\'t have a default value\r\n	at org.springframework.jdbc.support.SQLErrorCodeSQLExceptionTranslator.doTranslate(SQLErrorCodeSQLExceptionTranslator.java:247)\r\n	at org.springframework.jdbc.support.AbstractFallbackSQLExceptionTranslator.translate(AbstractFallbackSQLExceptionTranslator.java:72)\r\n	at org.mybatis.spring.MyBatisExceptionTranslator.translateExceptionIfPossible(MyBatisExceptionTranslator.java:88)\r\n	at org.mybatis.spring.SqlSessionTemplate$SqlSessionInterceptor.invoke(SqlSessionTemplate.java:440)\r\n	at com.sun.proxy.$Proxy71.insert(Unknown Source)\r\n	at org.mybatis.spring.SqlSessionTemplate.insert(SqlSessionTemplate.java:271)\r\n	at com.baomidou.mybatisplus.core.override.MybatisMapperMethod.execute(MybatisMapperMethod.java:60)\r\n	at com.baomidou.mybatisplus.core.override.MybatisMapperProxy$PlainMethodInvoker.invoke(MybatisMapperProxy.java:148)\r\n	at com.baomidou.mybatisplus.core.override.MybatisMapperProxy.invoke(MybatisMapperProxy.java:89)\r\n	at com.sun.proxy.$Proxy76.insert(Unknown Source)\r\n	at com.fanhao.businessplatform.service.TaskService.addOrUpdateTask(TaskService.java:273)\r\n	at com.fanhao.businessplatform.controller.TaskController.addOrUpdateTask(TaskController.java:92)\r\n	at sun.reflect.NativeMethodAccessorImpl.invoke0(Native Method)\r\n	at sun.reflect.NativeMethodAccessorImpl.invoke(NativeMethodAccessorImpl.java:62)\r\n	at sun.reflect.DelegatingMethodAccessorImpl.invoke(DelegatingMethodAccessorImpl.java:43)\r\n	at java.lang.reflect.Method.invoke(Method.java:498)\r\n	at org.springframework.web.method.support.InvocableHandlerMethod.doInvoke(InvocableHandlerMethod.java:190)\r\n	at org.springframework.web.method.support.InvocableHandlerMethod.invokeForRequest(InvocableHandlerMethod.java:138)\r\n	at org.springframework.web.servlet.mvc.method.annotation.ServletInvocableHandlerMethod.invokeAndHandle(ServletInvocableHandlerMethod.java:105)\r\n	at org.springframework.web.servlet.mvc.method.annotation.RequestMappingHandlerAdapter.invokeHandlerMethod(RequestMappingHandlerAdapter.java:878)\r\n	at org.springframework.web.servlet.mvc.method.annotation.RequestMappingHandlerAdapter.handleInternal(RequestMappingHandlerAdapter.java:792)\r\n	at org.springframework.web.servlet.mvc.method.AbstractHandlerMethodAdapter.handle(AbstractHandlerMethodAdapter.java:87)\r\n	at org.springframework.web.servlet.DispatcherServlet.doDispatch(DispatcherServlet.java:1040)\r\n	at org.springframework.web.servlet.DispatcherServlet.doService(DispatcherServlet.java:943)\r\n	at org.springframework.web.servlet.FrameworkServlet.processRequest(FrameworkServlet.java:1006)\r\n	at org.springframework.web.servlet.FrameworkServlet.doPost(FrameworkServlet.java:909)\r\n	at javax.servlet.http.HttpServlet.service(HttpServlet.java:652)\r\n	at org.springframework.web.servlet.FrameworkServlet.service(FrameworkServlet.java:883)\r\n	at javax.servlet.http.HttpServlet.service(HttpServlet.java:733)\r\n	at org.apache.catalina.core.ApplicationFilterChain.internalDoFilter(ApplicationFilterChain.java:231)\r\n	at org.apache.catalina.core.ApplicationFilterChain.doFilter(ApplicationFilterChain.java:166)\r\n	at org.apache.tomcat.websocket.server.WsFilter.doFilter(WsFilter.java:53)\r\n	at org.apache.catalina.core.ApplicationFilterChain.internalDoFilter(ApplicationFilterChain.java:193)\r\n	at org.apache.catalina.core.ApplicationFilterChain.doFilter(ApplicationFilterChain.java:166)\r\n	at org.springframework.web.filter.CharacterEncodingFilter.doFilterInternal(CharacterEncodingFilter.java:201)\r\n	at org.springframework.web.filter.OncePerRequestFilter.doFilter(OncePerRequestFilter.java:119)\r\n	at org.apache.catalina.core.ApplicationFilterChain.internalDoFilter(ApplicationFilterChain.java:193)\r\n	at org.apache.catalina.core.ApplicationFilterChain.doFilter(ApplicationFilterChain.java:166)\r\n	at org.apache.catalina.core.StandardWrapperValve.invoke(StandardWrapperValve.java:202)\r\n	at org.apache.catalina.core.StandardContextValve.invoke(StandardContextValve.java:96)\r\n	at org.apache.catalina.authenticator.AuthenticatorBase.invoke(AuthenticatorBase.java:541)\r\n	at org.apache.catalina.core.StandardHostValve.invoke(StandardHostValve.java:139)\r\n	at org.apache.catalina.valves.ErrorReportValve.invoke(ErrorReportValve.java:92)\r\n	at org.apache.catalina.core.StandardEngineValve.invoke(StandardEngineValve.java:74)\r\n	at org.apache.catalina.connector.CoyoteAdapter.service(CoyoteAdapter.java:343)\r\n	at org.apache.coyote.http11.Http11Processor.service(Http11Processor.java:373)\r\n	at org.apache.coyote.AbstractProcessorLight.process(AbstractProcessorLight.java:65)\r\n	at org.apache.coyote.AbstractProtocol$ConnectionHandler.process(AbstractProtocol.java:868)\r\n	at org.apache.tomcat.util.net.NioEndpoint$SocketProcessor.doRun(NioEndpoint.java:1589)\r\n	at org.apache.tomcat.util.net.SocketProcessorBase.run(SocketProcessorBase.java:49)\r\n	at java.util.concurrent.ThreadPoolExecutor.runWorker(ThreadPoolExecutor.java:1149)\r\n	at java.util.concurrent.ThreadPoolExecutor$Worker.run(ThreadPoolExecutor.java:624)\r\n	at org.apache.tomcat.util.threads.TaskThread$WrappingRunnable.run(TaskThread.java:61)\r\n	at java.lang.Thread.run(Thread.java:748)\r\nCaused by: java.sql.SQLException: Field \'task_name\' doesn\'t have a default value\r\n	at com.mysql.cj.jdbc.exceptions.SQLError.createSQLException(SQLError.java:129)\r\n	at com.mysql.cj.jdbc.exceptions.SQLError.createSQLException(SQLError.java:97)\r\n	at com.mysql.cj.jdbc.exceptions.SQLExceptionsMapping.translateException(SQLExceptionsMapping.java:122)\r\n	at com.mysql.cj.jdbc.ClientPreparedStatement.executeInternal(ClientPreparedStatement.java:953)\r\n	at com.mysql.cj.jdbc.ClientPreparedStatement.execute(ClientPreparedStatement.java:370)\r\n	at com.zaxxer.hikari.pool.ProxyPreparedStatement.execute(ProxyPreparedStatement.java:44)\r\n	at com.zaxxer.hikari.pool.HikariProxyPreparedStatement.execute(HikariProxyPreparedStatement.java)\r\n	at org.apache.ibatis.executor.statement.PreparedStatementHandler.update(PreparedStatementHandler.java:47)\r\n	at org.apache.ibatis.executor.statement.RoutingStatementHandler.update(RoutingStatementHandler.java:74)\r\n	at sun.reflect.NativeMethodAccessorImpl.invoke0(Native Method)\r\n	at sun.reflect.NativeMethodAccessorImpl.invoke(NativeMethodAccessorImpl.java:62)\r\n	at sun.reflect.DelegatingMethodAccessorImpl.invoke(DelegatingMethodAccessorImpl.java:43)\r\n	at java.lang.reflect.Method.invoke(Method.java:498)\r\n	at org.apache.ibatis.plugin.Plugin.invoke(Plugin.java:63)\r\n	at com.sun.proxy.$Proxy103.update(Unknown Source)\r\n	at com.baomidou.mybatisplus.core.executor.MybatisSimpleExecutor.doUpdate(MybatisSimpleExecutor.java:56)\r\n	at org.apache.ibatis.executor.BaseExecutor.update(BaseExecutor.java:117)\r\n	at com.baomidou.mybatisplus.core.executor.MybatisCachingExecutor.update(MybatisCachingExecutor.java:85)\r\n	at org.apache.ibatis.session.defaults.DefaultSqlSession.update(DefaultSqlSession.java:197)\r\n	at org.apache.ibatis.session.defaults.DefaultSqlSession.insert(DefaultSqlSession.java:184)\r\n	at sun.reflect.NativeMethodAccessorImpl.invoke0(Native Method)\r\n	at sun.reflect.NativeMethodAccessorImpl.invoke(NativeMethodAccessorImpl.java:62)\r\n	at sun.reflect.DelegatingMethodAccessorImpl.invoke(DelegatingMethodAccessorImpl.java:43)\r\n	at java.lang.reflect.Method.invoke(Method.java:498)\r\n	at org.mybatis.spring.SqlSessionTemplate$SqlSessionInterceptor.invoke(SqlSessionTemplate.java:426)\r\n	... 50 more\r\n'),(14,'test','127.0.0.1','局域网或本机','Index: 0, Size: 0','2020-11-27 16:07:09','java.lang.IndexOutOfBoundsException: Index: 0, Size: 0\r\n	at java.util.ArrayList.rangeCheck(ArrayList.java:657)\r\n	at java.util.ArrayList.get(ArrayList.java:433)\r\n	at com.fanhao.businessplatform.service.SalaryService.getPersonalSalaryPieChart(SalaryService.java:87)\r\n	at com.fanhao.businessplatform.service.SalaryService$$FastClassBySpringCGLIB$$ac226275.invoke(<generated>)\r\n	at org.springframework.cglib.proxy.MethodProxy.invoke(MethodProxy.java:218)\r\n	at org.springframework.aop.framework.CglibAopProxy$CglibMethodInvocation.invokeJoinpoint(CglibAopProxy.java:771)\r\n	at org.springframework.aop.framework.ReflectiveMethodInvocation.proceed(ReflectiveMethodInvocation.java:163)\r\n	at org.springframework.aop.framework.CglibAopProxy$CglibMethodInvocation.proceed(CglibAopProxy.java:749)\r\n	at org.springframework.aop.interceptor.ExposeInvocationInterceptor.invoke(ExposeInvocationInterceptor.java:95)\r\n	at org.springframework.aop.framework.ReflectiveMethodInvocation.proceed(ReflectiveMethodInvocation.java:186)\r\n	at org.springframework.aop.framework.CglibAopProxy$CglibMethodInvocation.proceed(CglibAopProxy.java:749)\r\n	at org.springframework.aop.framework.CglibAopProxy$DynamicAdvisedInterceptor.intercept(CglibAopProxy.java:691)\r\n	at com.fanhao.businessplatform.service.SalaryService$$EnhancerBySpringCGLIB$$f9439b20.getPersonalSalaryPieChart(<generated>)\r\n	at com.fanhao.businessplatform.controller.SalaryController.getPersonalSalaryPieChart(SalaryController.java:70)\r\n	at sun.reflect.NativeMethodAccessorImpl.invoke0(Native Method)\r\n	at sun.reflect.NativeMethodAccessorImpl.invoke(NativeMethodAccessorImpl.java:62)\r\n	at sun.reflect.DelegatingMethodAccessorImpl.invoke(DelegatingMethodAccessorImpl.java:43)\r\n	at java.lang.reflect.Method.invoke(Method.java:498)\r\n	at org.springframework.web.method.support.InvocableHandlerMethod.doInvoke(InvocableHandlerMethod.java:190)\r\n	at org.springframework.web.method.support.InvocableHandlerMethod.invokeForRequest(InvocableHandlerMethod.java:138)\r\n	at org.springframework.web.servlet.mvc.method.annotation.ServletInvocableHandlerMethod.invokeAndHandle(ServletInvocableHandlerMethod.java:105)\r\n	at org.springframework.web.servlet.mvc.method.annotation.RequestMappingHandlerAdapter.invokeHandlerMethod(RequestMappingHandlerAdapter.java:878)\r\n	at org.springframework.web.servlet.mvc.method.annotation.RequestMappingHandlerAdapter.handleInternal(RequestMappingHandlerAdapter.java:792)\r\n	at org.springframework.web.servlet.mvc.method.AbstractHandlerMethodAdapter.handle(AbstractHandlerMethodAdapter.java:87)\r\n	at org.springframework.web.servlet.DispatcherServlet.doDispatch(DispatcherServlet.java:1040)\r\n	at org.springframework.web.servlet.DispatcherServlet.doService(DispatcherServlet.java:943)\r\n	at org.springframework.web.servlet.FrameworkServlet.processRequest(FrameworkServlet.java:1006)\r\n	at org.springframework.web.servlet.FrameworkServlet.doGet(FrameworkServlet.java:898)\r\n	at javax.servlet.http.HttpServlet.service(HttpServlet.java:626)\r\n	at org.springframework.web.servlet.FrameworkServlet.service(FrameworkServlet.java:883)\r\n	at javax.servlet.http.HttpServlet.service(HttpServlet.java:733)\r\n	at org.apache.catalina.core.ApplicationFilterChain.internalDoFilter(ApplicationFilterChain.java:231)\r\n	at org.apache.catalina.core.ApplicationFilterChain.doFilter(ApplicationFilterChain.java:166)\r\n	at org.apache.tomcat.websocket.server.WsFilter.doFilter(WsFilter.java:53)\r\n	at org.apache.catalina.core.ApplicationFilterChain.internalDoFilter(ApplicationFilterChain.java:193)\r\n	at org.apache.catalina.core.ApplicationFilterChain.doFilter(ApplicationFilterChain.java:166)\r\n	at org.springframework.web.filter.CharacterEncodingFilter.doFilterInternal(CharacterEncodingFilter.java:201)\r\n	at org.springframework.web.filter.OncePerRequestFilter.doFilter(OncePerRequestFilter.java:119)\r\n	at org.apache.catalina.core.ApplicationFilterChain.internalDoFilter(ApplicationFilterChain.java:193)\r\n	at org.apache.catalina.core.ApplicationFilterChain.doFilter(ApplicationFilterChain.java:166)\r\n	at org.apache.catalina.core.StandardWrapperValve.invoke(StandardWrapperValve.java:202)\r\n	at org.apache.catalina.core.StandardContextValve.invoke(StandardContextValve.java:96)\r\n	at org.apache.catalina.authenticator.AuthenticatorBase.invoke(AuthenticatorBase.java:541)\r\n	at org.apache.catalina.core.StandardHostValve.invoke(StandardHostValve.java:139)\r\n	at org.apache.catalina.valves.ErrorReportValve.invoke(ErrorReportValve.java:92)\r\n	at org.apache.catalina.core.StandardEngineValve.invoke(StandardEngineValve.java:74)\r\n	at org.apache.catalina.connector.CoyoteAdapter.service(CoyoteAdapter.java:343)\r\n	at org.apache.coyote.http11.Http11Processor.service(Http11Processor.java:373)\r\n	at org.apache.coyote.AbstractProcessorLight.process(AbstractProcessorLight.java:65)\r\n	at org.apache.coyote.AbstractProtocol$ConnectionHandler.process(AbstractProtocol.java:868)\r\n	at org.apache.tomcat.util.net.NioEndpoint$SocketProcessor.doRun(NioEndpoint.java:1589)\r\n	at org.apache.tomcat.util.net.SocketProcessorBase.run(SocketProcessorBase.java:49)\r\n	at java.util.concurrent.ThreadPoolExecutor.runWorker(ThreadPoolExecutor.java:1149)\r\n	at java.util.concurrent.ThreadPoolExecutor$Worker.run(ThreadPoolExecutor.java:624)\r\n	at org.apache.tomcat.util.threads.TaskThread$WrappingRunnable.run(TaskThread.java:61)\r\n	at java.lang.Thread.run(Thread.java:748)\r\n');
/*!40000 ALTER TABLE `exception_log` ENABLE KEYS */;
UNLOCK TABLES;

--
-- Table structure for table `operation_log`
--

DROP TABLE IF EXISTS `operation_log`;
/*!40101 SET @saved_cs_client     = @@character_set_client */;
/*!50503 SET character_set_client = utf8mb4 */;
CREATE TABLE `operation_log` (
  `id` int NOT NULL AUTO_INCREMENT,
  `name` varchar(255) DEFAULT NULL COMMENT '姓名',
  `username` varchar(255) NOT NULL,
  `host` varchar(40) DEFAULT NULL,
  `address` varchar(255) DEFAULT NULL,
  `description` text,
  `operation_time` datetime NOT NULL,
  PRIMARY KEY (`id`)
) ENGINE=InnoDB AUTO_INCREMENT=345 DEFAULT CHARSET=utf8mb4 COLLATE=utf8mb4_0900_ai_ci COMMENT='操作日志,记录用户一些行为操作';
/*!40101 SET character_set_client = @saved_cs_client */;

--
-- Dumping data for table `operation_log`
--

LOCK TABLES `operation_log` WRITE;
/*!40000 ALTER TABLE `operation_log` DISABLE KEYS */;
INSERT INTO `operation_log` VALUES (1,'无咎','wujiu','0:0:0:0:0:0:0:1','局域网或本机','登录人事管理系统','2020-11-20 19:05:46'),(2,'超级管理员','admin','0:0:0:0:0:0:0:1','局域网或本机','登录人事管理系统','2020-11-20 20:30:21'),(4,'超级管理员','admin','0:0:0:0:0:0:0:1','局域网或本机','新增或修改薪资信息','2020-11-20 20:51:16'),(5,'超级管理员','admin','0:0:0:0:0:0:0:1','局域网或本机','退出登录','2020-11-21 12:24:22'),(6,'超级管理员','admin1','0:0:0:0:0:0:0:1','局域网或本机','登录人事管理系统','2020-11-21 12:24:29'),(7,'无咎','wujiu','0:0:0:0:0:0:0:1','局域网或本机','登录人事管理系统','2020-11-21 16:43:35'),(8,'无咎','wujiu','0:0:0:0:0:0:0:1','局域网或本机','新增或修改薪资信息','2020-11-21 22:17:48'),(9,'无咎','wujiu','0:0:0:0:0:0:0:1','局域网或本机','新增或修改薪资信息','2020-11-21 22:17:49'),(10,'无咎','wujiu','0:0:0:0:0:0:0:1','局域网或本机','新增或修改薪资信息','2020-11-21 22:17:50'),(11,'无咎','wujiu','0:0:0:0:0:0:0:1','局域网或本机','新增或修改薪资信息','2020-11-21 22:17:51'),(12,'无咎','wujiu','0:0:0:0:0:0:0:1','局域网或本机','新增或修改薪资信息','2020-11-21 22:17:52'),(13,'无咎','wujiu','0:0:0:0:0:0:0:1','局域网或本机','新增或修改薪资信息','2020-11-21 22:17:52'),(14,'无咎','wujiu','0:0:0:0:0:0:0:1','局域网或本机','新增或修改薪资信息','2020-11-21 22:17:53'),(15,'无咎','wujiu','0:0:0:0:0:0:0:1','局域网或本机','新增或修改薪资信息','2020-11-21 22:17:53'),(16,'无咎','wujiu','0:0:0:0:0:0:0:1','局域网或本机','新增或修改薪资信息','2020-11-21 22:18:31'),(17,'无咎','wujiu','0:0:0:0:0:0:0:1','局域网或本机','新增或修改薪资信息','2020-11-21 22:18:31'),(18,'无咎','wujiu','0:0:0:0:0:0:0:1','局域网或本机','新增或修改薪资信息','2020-11-21 22:18:31'),(19,'无咎','wujiu','0:0:0:0:0:0:0:1','局域网或本机','新增或修改薪资信息','2020-11-21 22:18:31'),(20,'无咎','wujiu','0:0:0:0:0:0:0:1','局域网或本机','新增或修改薪资信息','2020-11-21 22:18:31'),(21,'无咎','wujiu','0:0:0:0:0:0:0:1','局域网或本机','新增或修改薪资信息','2020-11-21 22:18:31'),(22,'无咎','wujiu','0:0:0:0:0:0:0:1','局域网或本机','新增或修改薪资信息','2020-11-21 22:18:31'),(23,'无咎','wujiu','0:0:0:0:0:0:0:1','局域网或本机','新增或修改薪资信息','2020-11-21 22:18:31'),(24,'无咎','wujiu','0:0:0:0:0:0:0:1','局域网或本机','新增或修改薪资信息','2020-11-21 22:19:04'),(25,'无咎','wujiu','0:0:0:0:0:0:0:1','局域网或本机','新增或修改薪资信息','2020-11-21 22:19:04'),(26,'无咎','wujiu','0:0:0:0:0:0:0:1','局域网或本机','新增或修改薪资信息','2020-11-21 22:19:04'),(27,'无咎','wujiu','0:0:0:0:0:0:0:1','局域网或本机','新增或修改薪资信息','2020-11-21 22:19:04'),(28,'无咎','wujiu','0:0:0:0:0:0:0:1','局域网或本机','新增或修改薪资信息','2020-11-21 22:19:04'),(29,'无咎','wujiu','0:0:0:0:0:0:0:1','局域网或本机','新增或修改薪资信息','2020-11-21 22:19:04'),(30,'无咎','wujiu','0:0:0:0:0:0:0:1','局域网或本机','新增或修改薪资信息','2020-11-21 22:19:06'),(31,'无咎','wujiu','0:0:0:0:0:0:0:1','局域网或本机','新增或修改薪资信息','2020-11-21 22:19:18'),(32,'无咎','wujiu','0:0:0:0:0:0:0:1','局域网或本机','新增或修改薪资信息','2020-11-21 22:19:26'),(33,'无咎','wujiu','0:0:0:0:0:0:0:1','局域网或本机','新增或修改薪资信息','2020-11-21 22:19:26'),(34,'无咎','wujiu','0:0:0:0:0:0:0:1','局域网或本机','新增或修改薪资信息','2020-11-21 22:19:26'),(35,'无咎','wujiu','0:0:0:0:0:0:0:1','局域网或本机','新增或修改薪资信息','2020-11-21 22:19:27'),(36,'无咎','wujiu','0:0:0:0:0:0:0:1','局域网或本机','新增或修改薪资信息','2020-11-21 22:19:27'),(37,'无咎','wujiu','0:0:0:0:0:0:0:1','局域网或本机','新增或修改薪资信息','2020-11-21 22:19:27'),(38,'无咎','wujiu','0:0:0:0:0:0:0:1','局域网或本机','新增或修改薪资信息','2020-11-21 22:19:27'),(39,'无咎','wujiu','0:0:0:0:0:0:0:1','局域网或本机','新增或修改薪资信息','2020-11-21 22:19:27'),(40,'无咎','wujiu','0:0:0:0:0:0:0:1','局域网或本机','新增或修改薪资信息','2020-11-21 22:19:27'),(41,'无咎','wujiu','0:0:0:0:0:0:0:1','局域网或本机','新增或修改薪资信息','2020-11-21 22:19:28'),(42,'无咎','wujiu','0:0:0:0:0:0:0:1','局域网或本机','新增或修改薪资信息','2020-11-21 22:19:28'),(43,'无咎','wujiu','0:0:0:0:0:0:0:1','局域网或本机','新增或修改薪资信息','2020-11-21 22:19:28'),(44,'无咎','wujiu','0:0:0:0:0:0:0:1','局域网或本机','删除薪资信息','2020-11-21 22:20:30'),(45,'无咎','wujiu','0:0:0:0:0:0:0:1','局域网或本机','新增或修改薪资信息','2020-11-21 22:23:55'),(46,'无咎','wujiu','0:0:0:0:0:0:0:1','局域网或本机','新增或修改薪资信息','2020-11-21 22:24:11'),(47,'无咎','wujiu','0:0:0:0:0:0:0:1','局域网或本机','新增或修改薪资信息','2020-11-21 22:24:17'),(48,'无咎','wujiu','0:0:0:0:0:0:0:1','局域网或本机','新增或修改薪资信息','2020-11-21 22:24:18'),(49,'无咎','wujiu','0:0:0:0:0:0:0:1','局域网或本机','新增或修改薪资信息','2020-11-21 22:24:18'),(50,'无咎','wujiu','0:0:0:0:0:0:0:1','局域网或本机','新增或修改薪资信息','2020-11-21 22:24:18'),(51,'无咎','wujiu','0:0:0:0:0:0:0:1','局域网或本机','新增或修改薪资信息','2020-11-21 22:24:18'),(52,'无咎','wujiu','0:0:0:0:0:0:0:1','局域网或本机','新增或修改薪资信息','2020-11-21 22:24:20'),(53,'无咎','wujiu','0:0:0:0:0:0:0:1','局域网或本机','新增或修改薪资信息','2020-11-21 22:24:24'),(54,'无咎','wujiu','0:0:0:0:0:0:0:1','局域网或本机','新增或修改薪资信息','2020-11-21 22:24:42'),(55,'无咎','wujiu','0:0:0:0:0:0:0:1','局域网或本机','新增或修改薪资信息','2020-11-21 22:24:51'),(56,'无咎','wujiu','0:0:0:0:0:0:0:1','局域网或本机','新增或修改薪资信息','2020-11-21 22:24:53'),(57,'无咎','wujiu','0:0:0:0:0:0:0:1','局域网或本机','新增或修改薪资信息','2020-11-21 22:24:53'),(58,'无咎','wujiu','0:0:0:0:0:0:0:1','局域网或本机','新增或修改薪资信息','2020-11-21 22:24:54'),(59,'无咎','wujiu','0:0:0:0:0:0:0:1','局域网或本机','新增或修改薪资信息','2020-11-21 22:24:54'),(60,'无咎','wujiu','0:0:0:0:0:0:0:1','局域网或本机','新增或修改薪资信息','2020-11-21 22:24:54'),(61,'无咎','wujiu','0:0:0:0:0:0:0:1','局域网或本机','新增或修改薪资信息','2020-11-21 22:27:15'),(62,'无咎','wujiu','0:0:0:0:0:0:0:1','局域网或本机','新增或修改薪资信息','2020-11-21 22:28:37'),(63,'无咎','wujiu','0:0:0:0:0:0:0:1','局域网或本机','新增或修改薪资信息','2020-11-21 22:28:39'),(64,'无咎','wujiu','0:0:0:0:0:0:0:1','局域网或本机','新增或修改薪资信息','2020-11-21 22:32:41'),(65,'无咎','wujiu','0:0:0:0:0:0:0:1','局域网或本机','新增或修改薪资信息','2020-11-21 22:32:41'),(66,'无咎','wujiu','0:0:0:0:0:0:0:1','局域网或本机','新增或修改薪资信息','2020-11-21 22:32:41'),(67,'无咎','wujiu','0:0:0:0:0:0:0:1','局域网或本机','新增或修改薪资信息','2020-11-21 22:32:41'),(68,'无咎','wujiu','0:0:0:0:0:0:0:1','局域网或本机','新增或修改薪资信息','2020-11-21 22:32:41'),(69,'无咎','wujiu','0:0:0:0:0:0:0:1','局域网或本机','新增或修改薪资信息','2020-11-21 22:32:41'),(70,'无咎','wujiu','0:0:0:0:0:0:0:1','局域网或本机','新增或修改薪资信息','2020-11-21 22:32:42'),(71,'无咎','wujiu','0:0:0:0:0:0:0:1','局域网或本机','新增或修改薪资信息','2020-11-21 22:32:42'),(72,'无咎','wujiu','0:0:0:0:0:0:0:1','局域网或本机','新增或修改薪资信息','2020-11-21 22:32:42'),(73,'无咎','wujiu','0:0:0:0:0:0:0:1','局域网或本机','新增或修改薪资信息','2020-11-21 22:32:42'),(74,'无咎','wujiu','0:0:0:0:0:0:0:1','局域网或本机','新增或修改薪资信息','2020-11-21 22:32:49'),(75,'无咎','wujiu','0:0:0:0:0:0:0:1','局域网或本机','新增或修改薪资信息','2020-11-21 22:32:49'),(76,'无咎','wujiu','0:0:0:0:0:0:0:1','局域网或本机','新增或修改薪资信息','2020-11-21 22:32:49'),(77,'无咎','wujiu','0:0:0:0:0:0:0:1','局域网或本机','新增或修改薪资信息','2020-11-21 22:32:49'),(78,'无咎','wujiu','0:0:0:0:0:0:0:1','局域网或本机','新增或修改薪资信息','2020-11-21 22:32:49'),(79,'无咎','wujiu','0:0:0:0:0:0:0:1','局域网或本机','新增或修改薪资信息','2020-11-21 22:32:49'),(80,'无咎','wujiu','0:0:0:0:0:0:0:1','局域网或本机','新增或修改薪资信息','2020-11-21 22:32:50'),(81,'无咎','wujiu','0:0:0:0:0:0:0:1','局域网或本机','新增或修改薪资信息','2020-11-21 22:32:50'),(82,'无咎','wujiu','0:0:0:0:0:0:0:1','局域网或本机','新增或修改薪资信息','2020-11-21 22:32:55'),(83,'无咎','wujiu','0:0:0:0:0:0:0:1','局域网或本机','新增或修改薪资信息','2020-11-21 22:32:55'),(84,'无咎','wujiu','0:0:0:0:0:0:0:1','局域网或本机','新增或修改薪资信息','2020-11-21 22:32:55'),(85,'无咎','wujiu','0:0:0:0:0:0:0:1','局域网或本机','新增或修改薪资信息','2020-11-21 22:32:56'),(86,'无咎','wujiu','0:0:0:0:0:0:0:1','局域网或本机','新增或修改薪资信息','2020-11-21 22:32:56'),(87,'无咎','wujiu','0:0:0:0:0:0:0:1','局域网或本机','新增或修改薪资信息','2020-11-21 22:32:56'),(88,'无咎','wujiu','0:0:0:0:0:0:0:1','局域网或本机','新增或修改薪资信息','2020-11-21 22:33:01'),(89,'无咎','wujiu','0:0:0:0:0:0:0:1','局域网或本机','新增或修改薪资信息','2020-11-21 22:33:01'),(90,'无咎','wujiu','0:0:0:0:0:0:0:1','局域网或本机','新增或修改薪资信息','2020-11-21 22:33:01'),(91,'无咎','wujiu','0:0:0:0:0:0:0:1','局域网或本机','新增或修改薪资信息','2020-11-21 22:33:01'),(92,'无咎','wujiu','0:0:0:0:0:0:0:1','局域网或本机','新增或修改薪资信息','2020-11-21 22:33:02'),(93,'无咎','wujiu','0:0:0:0:0:0:0:1','局域网或本机','新增或修改薪资信息','2020-11-21 22:33:02'),(94,'无咎','wujiu','0:0:0:0:0:0:0:1','局域网或本机','新增或修改薪资信息','2020-11-21 22:33:02'),(95,'无咎','wujiu','0:0:0:0:0:0:0:1','局域网或本机','新增或修改薪资信息','2020-11-21 22:33:02'),(96,'无咎','wujiu','0:0:0:0:0:0:0:1','局域网或本机','新增或修改薪资信息','2020-11-21 22:33:02'),(97,'无咎','wujiu','0:0:0:0:0:0:0:1','局域网或本机','新增或修改薪资信息','2020-11-21 22:33:03'),(98,'无咎','wujiu','0:0:0:0:0:0:0:1','局域网或本机','新增或修改薪资信息','2020-11-21 22:33:03'),(99,'无咎','wujiu','0:0:0:0:0:0:0:1','局域网或本机','新增或修改薪资信息','2020-11-21 22:33:16'),(100,'无咎','wujiu','0:0:0:0:0:0:0:1','局域网或本机','新增或修改薪资信息','2020-11-21 22:33:16'),(101,'无咎','wujiu','0:0:0:0:0:0:0:1','局域网或本机','新增或修改薪资信息','2020-11-21 22:33:16'),(102,'无咎','wujiu','0:0:0:0:0:0:0:1','局域网或本机','新增或修改薪资信息','2020-11-21 22:33:17'),(103,'无咎','wujiu','0:0:0:0:0:0:0:1','局域网或本机','新增或修改薪资信息','2020-11-21 22:33:17'),(104,'无咎','wujiu','0:0:0:0:0:0:0:1','局域网或本机','新增或修改薪资信息','2020-11-21 22:33:17'),(105,'无咎','wujiu','0:0:0:0:0:0:0:1','局域网或本机','新增或修改薪资信息','2020-11-21 22:33:17'),(106,'无咎','wujiu','0:0:0:0:0:0:0:1','局域网或本机','新增或修改薪资信息','2020-11-21 22:33:18'),(107,'无咎','wujiu','0:0:0:0:0:0:0:1','局域网或本机','新增或修改薪资信息','2020-11-21 22:33:24'),(108,'无咎','wujiu','0:0:0:0:0:0:0:1','局域网或本机','新增或修改薪资信息','2020-11-21 22:33:24'),(109,'无咎','wujiu','0:0:0:0:0:0:0:1','局域网或本机','新增或修改薪资信息','2020-11-21 22:33:24'),(110,'无咎','wujiu','0:0:0:0:0:0:0:1','局域网或本机','新增或修改薪资信息','2020-11-21 22:33:24'),(111,'无咎','wujiu','0:0:0:0:0:0:0:1','局域网或本机','新增或修改薪资信息','2020-11-21 22:33:24'),(112,'无咎','wujiu','0:0:0:0:0:0:0:1','局域网或本机','新增或修改薪资信息','2020-11-21 22:33:24'),(113,'无咎','wujiu','0:0:0:0:0:0:0:1','局域网或本机','新增或修改薪资信息','2020-11-21 22:33:25'),(114,'无咎','wujiu','0:0:0:0:0:0:0:1','局域网或本机','新增或修改薪资信息','2020-11-21 22:33:25'),(115,'无咎','wujiu','0:0:0:0:0:0:0:1','局域网或本机','新增或修改薪资信息','2020-11-21 22:33:25'),(116,'无咎','wujiu','0:0:0:0:0:0:0:1','局域网或本机','新增或修改薪资信息','2020-11-21 22:33:25'),(117,'无咎','wujiu','0:0:0:0:0:0:0:1','局域网或本机','新增或修改薪资信息','2020-11-21 22:33:25'),(118,'无咎','wujiu','0:0:0:0:0:0:0:1','局域网或本机','新增或修改薪资信息','2020-11-21 22:33:44'),(119,'无咎','wujiu','0:0:0:0:0:0:0:1','局域网或本机','新增或修改薪资信息','2020-11-21 22:33:44'),(120,'无咎','wujiu','0:0:0:0:0:0:0:1','局域网或本机','新增或修改薪资信息','2020-11-21 22:33:44'),(121,'无咎','wujiu','0:0:0:0:0:0:0:1','局域网或本机','新增或修改薪资信息','2020-11-21 22:33:44'),(122,'无咎','wujiu','0:0:0:0:0:0:0:1','局域网或本机','新增或修改薪资信息','2020-11-21 22:33:44'),(123,'无咎','wujiu','0:0:0:0:0:0:0:1','局域网或本机','新增或修改薪资信息','2020-11-21 22:33:44'),(124,'无咎','wujiu','0:0:0:0:0:0:0:1','局域网或本机','新增或修改薪资信息','2020-11-21 22:33:44'),(125,'无咎','wujiu','0:0:0:0:0:0:0:1','局域网或本机','新增或修改薪资信息','2020-11-21 22:33:45'),(126,'无咎','wujiu','0:0:0:0:0:0:0:1','局域网或本机','新增或修改薪资信息','2020-11-21 22:33:45'),(127,'无咎','wujiu','0:0:0:0:0:0:0:1','局域网或本机','新增或修改薪资信息','2020-11-21 22:33:45'),(128,'无咎','wujiu','0:0:0:0:0:0:0:1','局域网或本机','新增或修改薪资信息','2020-11-21 22:33:51'),(129,'无咎','wujiu','0:0:0:0:0:0:0:1','局域网或本机','新增或修改薪资信息','2020-11-21 22:33:51'),(130,'无咎','wujiu','0:0:0:0:0:0:0:1','局域网或本机','新增或修改薪资信息','2020-11-21 22:33:51'),(131,'无咎','wujiu','0:0:0:0:0:0:0:1','局域网或本机','新增或修改薪资信息','2020-11-21 22:33:51'),(132,'无咎','wujiu','0:0:0:0:0:0:0:1','局域网或本机','新增或修改薪资信息','2020-11-21 22:33:52'),(133,'无咎','wujiu','0:0:0:0:0:0:0:1','局域网或本机','新增或修改薪资信息','2020-11-21 22:33:52'),(134,'无咎','wujiu','0:0:0:0:0:0:0:1','局域网或本机','新增或修改薪资信息','2020-11-21 22:33:52'),(135,'无咎','wujiu','0:0:0:0:0:0:0:1','局域网或本机','新增或修改薪资信息','2020-11-21 22:33:57'),(136,'无咎','wujiu','0:0:0:0:0:0:0:1','局域网或本机','新增或修改薪资信息','2020-11-21 22:33:58'),(137,'无咎','wujiu','0:0:0:0:0:0:0:1','局域网或本机','新增或修改薪资信息','2020-11-21 22:33:58'),(138,'无咎','wujiu','0:0:0:0:0:0:0:1','局域网或本机','新增或修改薪资信息','2020-11-21 22:33:58'),(139,'无咎','wujiu','0:0:0:0:0:0:0:1','局域网或本机','新增或修改薪资信息','2020-11-21 22:33:58'),(140,'无咎','wujiu','0:0:0:0:0:0:0:1','局域网或本机','新增或修改薪资信息','2020-11-21 22:33:58'),(141,'无咎','wujiu','0:0:0:0:0:0:0:1','局域网或本机','新增或修改薪资信息','2020-11-21 22:33:58'),(142,'无咎','wujiu','0:0:0:0:0:0:0:1','局域网或本机','新增或修改薪资信息','2020-11-21 22:34:05'),(143,'无咎','wujiu','0:0:0:0:0:0:0:1','局域网或本机','新增或修改薪资信息','2020-11-21 22:34:05'),(144,'无咎','wujiu','0:0:0:0:0:0:0:1','局域网或本机','新增或修改薪资信息','2020-11-21 22:34:06'),(145,'无咎','wujiu','0:0:0:0:0:0:0:1','局域网或本机','新增或修改薪资信息','2020-11-21 22:34:06'),(146,'无咎','wujiu','0:0:0:0:0:0:0:1','局域网或本机','新增或修改薪资信息','2020-11-21 22:34:06'),(147,'无咎','wujiu','0:0:0:0:0:0:0:1','局域网或本机','新增或修改薪资信息','2020-11-21 22:34:06'),(148,'无咎','wujiu','0:0:0:0:0:0:0:1','局域网或本机','新增或修改薪资信息','2020-11-21 22:34:12'),(149,'无咎','wujiu','0:0:0:0:0:0:0:1','局域网或本机','新增或修改薪资信息','2020-11-21 22:34:12'),(150,'无咎','wujiu','0:0:0:0:0:0:0:1','局域网或本机','新增或修改薪资信息','2020-11-21 22:34:12'),(151,'无咎','wujiu','0:0:0:0:0:0:0:1','局域网或本机','新增或修改薪资信息','2020-11-21 22:34:12'),(152,'无咎','wujiu','0:0:0:0:0:0:0:1','局域网或本机','新增或修改薪资信息','2020-11-21 22:34:12'),(153,'无咎','wujiu','0:0:0:0:0:0:0:1','局域网或本机','新增或修改薪资信息','2020-11-21 22:34:12'),(154,'无咎','wujiu','0:0:0:0:0:0:0:1','局域网或本机','新增或修改薪资信息','2020-11-21 22:34:12'),(155,'无咎','wujiu','0:0:0:0:0:0:0:1','局域网或本机','新增或修改薪资信息','2020-11-21 22:34:13'),(156,'无咎','wujiu','0:0:0:0:0:0:0:1','局域网或本机','新增或修改薪资信息','2020-11-21 22:34:17'),(157,'无咎','wujiu','0:0:0:0:0:0:0:1','局域网或本机','新增或修改薪资信息','2020-11-21 22:34:17'),(158,'无咎','wujiu','0:0:0:0:0:0:0:1','局域网或本机','新增或修改薪资信息','2020-11-21 22:34:18'),(159,'无咎','wujiu','0:0:0:0:0:0:0:1','局域网或本机','新增或修改薪资信息','2020-11-21 22:34:18'),(160,'无咎','wujiu','0:0:0:0:0:0:0:1','局域网或本机','新增或修改薪资信息','2020-11-21 22:34:18'),(161,'无咎','wujiu','0:0:0:0:0:0:0:1','局域网或本机','新增或修改薪资信息','2020-11-21 22:34:18'),(162,'无咎','wujiu','0:0:0:0:0:0:0:1','局域网或本机','新增或修改薪资信息','2020-11-21 22:34:18'),(163,'无咎','wujiu','0:0:0:0:0:0:0:1','局域网或本机','新增或修改薪资信息','2020-11-21 22:34:18'),(164,'无咎','wujiu','0:0:0:0:0:0:0:1','局域网或本机','新增或修改薪资信息','2020-11-21 22:34:20'),(165,'无咎','wujiu','0:0:0:0:0:0:0:1','局域网或本机','新增或修改薪资信息','2020-11-21 22:34:24'),(166,'无咎','wujiu','0:0:0:0:0:0:0:1','局域网或本机','新增或修改薪资信息','2020-11-21 22:34:24'),(167,'无咎','wujiu','0:0:0:0:0:0:0:1','局域网或本机','新增或修改薪资信息','2020-11-21 22:34:24'),(168,'无咎','wujiu','0:0:0:0:0:0:0:1','局域网或本机','新增或修改薪资信息','2020-11-21 22:34:24'),(169,'无咎','wujiu','0:0:0:0:0:0:0:1','局域网或本机','新增或修改薪资信息','2020-11-21 22:34:24'),(170,'无咎','wujiu','0:0:0:0:0:0:0:1','局域网或本机','新增或修改薪资信息','2020-11-21 22:34:24'),(171,'无咎','wujiu','0:0:0:0:0:0:0:1','局域网或本机','新增或修改薪资信息','2020-11-21 22:34:25'),(172,'无咎','wujiu','0:0:0:0:0:0:0:1','局域网或本机','新增或修改薪资信息','2020-11-21 22:34:25'),(173,'无咎','wujiu','0:0:0:0:0:0:0:1','局域网或本机','新增或修改薪资信息','2020-11-21 22:34:25'),(174,'无咎','wujiu','0:0:0:0:0:0:0:1','局域网或本机','新增或修改薪资信息','2020-11-21 22:34:30'),(175,'无咎','wujiu','0:0:0:0:0:0:0:1','局域网或本机','新增或修改薪资信息','2020-11-21 22:34:30'),(176,'无咎','wujiu','0:0:0:0:0:0:0:1','局域网或本机','新增或修改薪资信息','2020-11-21 22:34:30'),(177,'无咎','wujiu','0:0:0:0:0:0:0:1','局域网或本机','新增或修改薪资信息','2020-11-21 22:34:30'),(178,'无咎','wujiu','0:0:0:0:0:0:0:1','局域网或本机','新增或修改薪资信息','2020-11-21 22:34:30'),(179,'无咎','wujiu','0:0:0:0:0:0:0:1','局域网或本机','新增或修改薪资信息','2020-11-21 22:34:30'),(180,'无咎','wujiu','0:0:0:0:0:0:0:1','局域网或本机','新增或修改薪资信息','2020-11-21 22:34:31'),(181,'无咎','wujiu','0:0:0:0:0:0:0:1','局域网或本机','新增或修改薪资信息','2020-11-21 22:34:35'),(182,'无咎','wujiu','0:0:0:0:0:0:0:1','局域网或本机','新增或修改薪资信息','2020-11-21 22:34:35'),(183,'无咎','wujiu','0:0:0:0:0:0:0:1','局域网或本机','新增或修改薪资信息','2020-11-21 22:34:35'),(184,'无咎','wujiu','0:0:0:0:0:0:0:1','局域网或本机','新增或修改薪资信息','2020-11-21 22:34:35'),(185,'无咎','wujiu','0:0:0:0:0:0:0:1','局域网或本机','新增或修改薪资信息','2020-11-21 22:34:36'),(186,'无咎','wujiu','0:0:0:0:0:0:0:1','局域网或本机','新增或修改薪资信息','2020-11-21 22:34:36'),(187,'无咎','wujiu','0:0:0:0:0:0:0:1','局域网或本机','新增或修改薪资信息','2020-11-21 22:34:36'),(188,'无咎','wujiu','0:0:0:0:0:0:0:1','局域网或本机','新增或修改薪资信息','2020-11-21 22:34:36'),(189,'无咎','wujiu','0:0:0:0:0:0:0:1','局域网或本机','新增或修改薪资信息','2020-11-21 22:34:36'),(190,'无咎','wujiu','0:0:0:0:0:0:0:1','局域网或本机','新增或修改薪资信息','2020-11-21 22:34:40'),(191,'无咎','wujiu','0:0:0:0:0:0:0:1','局域网或本机','新增或修改薪资信息','2020-11-21 22:34:41'),(192,'无咎','wujiu','0:0:0:0:0:0:0:1','局域网或本机','新增或修改薪资信息','2020-11-21 22:34:41'),(193,'无咎','wujiu','0:0:0:0:0:0:0:1','局域网或本机','新增或修改薪资信息','2020-11-21 22:34:41'),(194,'无咎','wujiu','0:0:0:0:0:0:0:1','局域网或本机','新增或修改薪资信息','2020-11-21 22:34:41'),(195,'无咎','wujiu','0:0:0:0:0:0:0:1','局域网或本机','新增或修改薪资信息','2020-11-21 22:34:41'),(196,'无咎','wujiu','0:0:0:0:0:0:0:1','局域网或本机','新增或修改薪资信息','2020-11-21 22:34:45'),(197,'无咎','wujiu','0:0:0:0:0:0:0:1','局域网或本机','新增或修改薪资信息','2020-11-21 22:34:45'),(198,'无咎','wujiu','0:0:0:0:0:0:0:1','局域网或本机','新增或修改薪资信息','2020-11-21 22:34:45'),(199,'无咎','wujiu','0:0:0:0:0:0:0:1','局域网或本机','新增或修改薪资信息','2020-11-21 22:34:46'),(200,'无咎','wujiu','0:0:0:0:0:0:0:1','局域网或本机','新增或修改薪资信息','2020-11-21 22:34:46'),(201,'无咎','wujiu','0:0:0:0:0:0:0:1','局域网或本机','新增或修改薪资信息','2020-11-21 22:34:46'),(202,'无咎','wujiu','0:0:0:0:0:0:0:1','局域网或本机','新增或修改薪资信息','2020-11-21 22:34:46'),(203,'无咎','wujiu','0:0:0:0:0:0:0:1','局域网或本机','新增或修改薪资信息','2020-11-21 22:34:47'),(204,'无咎','wujiu','0:0:0:0:0:0:0:1','局域网或本机','新增或修改薪资信息','2020-11-21 22:34:47'),(205,'无咎','wujiu','0:0:0:0:0:0:0:1','局域网或本机','新增或修改薪资信息','2020-11-21 22:34:51'),(206,'无咎','wujiu','0:0:0:0:0:0:0:1','局域网或本机','新增或修改薪资信息','2020-11-21 22:34:51'),(207,'无咎','wujiu','0:0:0:0:0:0:0:1','局域网或本机','新增或修改薪资信息','2020-11-21 22:34:51'),(208,'无咎','wujiu','0:0:0:0:0:0:0:1','局域网或本机','新增或修改薪资信息','2020-11-21 22:34:51'),(209,'无咎','wujiu','0:0:0:0:0:0:0:1','局域网或本机','新增或修改薪资信息','2020-11-21 22:34:51'),(210,'无咎','wujiu','0:0:0:0:0:0:0:1','局域网或本机','新增或修改薪资信息','2020-11-21 22:34:51'),(211,'无咎','wujiu','0:0:0:0:0:0:0:1','局域网或本机','新增或修改薪资信息','2020-11-21 22:34:52'),(216,'无咎','wujiu','0:0:0:0:0:0:0:1','局域网或本机','新增或修改薪资信息','2020-11-21 22:35:40'),(217,'无咎','wujiu','0:0:0:0:0:0:0:1','局域网或本机','新增或修改薪资信息','2020-11-21 22:35:40'),(218,'无咎','wujiu','0:0:0:0:0:0:0:1','局域网或本机','新增或修改薪资信息','2020-11-21 22:35:40'),(219,'无咎','wujiu','0:0:0:0:0:0:0:1','局域网或本机','新增或修改薪资信息','2020-11-21 22:35:40'),(220,'无咎','wujiu','0:0:0:0:0:0:0:1','局域网或本机','新增或修改薪资信息','2020-11-21 22:35:40'),(221,'无咎','wujiu','0:0:0:0:0:0:0:1','局域网或本机','新增或修改薪资信息','2020-11-21 22:35:40'),(222,'无咎','wujiu','0:0:0:0:0:0:0:1','局域网或本机','新增或修改薪资信息','2020-11-21 22:35:40'),(223,'无咎','wujiu','0:0:0:0:0:0:0:1','局域网或本机','新增或修改薪资信息','2020-11-21 22:35:41'),(224,'无咎','wujiu','0:0:0:0:0:0:0:1','局域网或本机','新增或修改薪资信息','2020-11-21 22:35:41'),(225,'无咎','wujiu','0:0:0:0:0:0:0:1','局域网或本机','新增或修改薪资信息','2020-11-21 22:35:41'),(226,'无咎','wujiu','0:0:0:0:0:0:0:1','局域网或本机','新增或修改薪资信息','2020-11-21 22:35:46'),(227,'无咎','wujiu','0:0:0:0:0:0:0:1','局域网或本机','新增或修改薪资信息','2020-11-21 22:35:46'),(228,'无咎','wujiu','0:0:0:0:0:0:0:1','局域网或本机','新增或修改薪资信息','2020-11-21 22:35:46'),(229,'无咎','wujiu','0:0:0:0:0:0:0:1','局域网或本机','新增或修改薪资信息','2020-11-21 22:35:46'),(230,'无咎','wujiu','0:0:0:0:0:0:0:1','局域网或本机','新增或修改薪资信息','2020-11-21 22:35:46'),(231,'无咎','wujiu','0:0:0:0:0:0:0:1','局域网或本机','新增或修改薪资信息','2020-11-21 22:35:46'),(232,'无咎','wujiu','0:0:0:0:0:0:0:1','局域网或本机','新增或修改薪资信息','2020-11-21 22:35:46'),(233,'无咎','wujiu','0:0:0:0:0:0:0:1','局域网或本机','新增或修改薪资信息','2020-11-21 22:35:47'),(234,'无咎','wujiu','0:0:0:0:0:0:0:1','局域网或本机','新增或修改薪资信息','2020-11-21 22:35:47'),(235,'无咎','wujiu','0:0:0:0:0:0:0:1','局域网或本机','新增或修改薪资信息','2020-11-21 22:35:51'),(236,'无咎','wujiu','0:0:0:0:0:0:0:1','局域网或本机','新增或修改薪资信息','2020-11-21 22:35:51'),(237,'无咎','wujiu','0:0:0:0:0:0:0:1','局域网或本机','新增或修改薪资信息','2020-11-21 22:35:52'),(238,'无咎','wujiu','0:0:0:0:0:0:0:1','局域网或本机','新增或修改薪资信息','2020-11-21 22:35:52'),(239,'无咎','wujiu','0:0:0:0:0:0:0:1','局域网或本机','新增或修改薪资信息','2020-11-21 22:35:52'),(240,'无咎','wujiu','0:0:0:0:0:0:0:1','局域网或本机','新增或修改薪资信息','2020-11-21 22:35:52'),(241,'无咎','wujiu','0:0:0:0:0:0:0:1','局域网或本机','新增或修改薪资信息','2020-11-21 22:35:52'),(242,'无咎','wujiu','0:0:0:0:0:0:0:1','局域网或本机','新增或修改薪资信息','2020-11-21 22:35:53'),(243,'无咎','wujiu','0:0:0:0:0:0:0:1','局域网或本机','新增或修改薪资信息','2020-11-21 22:35:53'),(244,'超级管理员','admin','0:0:0:0:0:0:0:1','局域网或本机','登录人事管理系统','2020-11-22 17:19:46'),(245,'超级管理员','admin','0:0:0:0:0:0:0:1','局域网或本机','退出登录','2020-11-22 18:13:19'),(246,'无咎','wujiu','0:0:0:0:0:0:0:1','局域网或本机','登录人事管理系统','2020-11-22 18:13:24'),(247,'无咎','wujiu','0:0:0:0:0:0:0:1','局域网或本机','退出登录','2020-11-22 19:38:09'),(248,'无咎','wujiu','0:0:0:0:0:0:0:1','局域网或本机','退出登录','2020-11-22 19:38:17'),(249,'无咎','wujiu','0:0:0:0:0:0:0:1','局域网或本机','退出登录','2020-11-22 19:38:28'),(250,'无咎','wujiu','0:0:0:0:0:0:0:1','局域网或本机','退出登录','2020-11-22 19:38:38'),(251,'无咎','wujiu','0:0:0:0:0:0:0:1','局域网或本机','退出登录','2020-11-22 19:40:26'),(252,'无咎','wujiu','0:0:0:0:0:0:0:1','局域网或本机','登录人事管理系统','2020-11-22 19:40:47'),(253,'无咎','wujiu','0:0:0:0:0:0:0:1','局域网或本机','退出登录','2020-11-23 10:31:25'),(254,'邬瞥锴','2bacf2d5-b137-4ed0-a39f-ecef52b0c23b','0:0:0:0:0:0:0:1','局域网或本机','登录人事管理系统','2020-11-23 10:31:29'),(255,'邬瞥锴','2bacf2d5-b137-4ed0-a39f-ecef52b0c23b','0:0:0:0:0:0:0:1','局域网或本机','退出登录','2020-11-23 10:31:41'),(256,'无咎','wujiu','0:0:0:0:0:0:0:1','局域网或本机','登录人事管理系统','2020-11-23 10:31:46'),(257,'无咎','wujiu','0:0:0:0:0:0:0:1','局域网或本机','退出登录','2020-11-23 10:33:50'),(258,'缪辟殚','307e7973-8611-4a05-936c-8377022b8c7a','0:0:0:0:0:0:0:1','局域网或本机','登录人事管理系统','2020-11-23 10:33:55'),(259,'缪辟殚','307e7973-8611-4a05-936c-8377022b8c7a','0:0:0:0:0:0:0:1','局域网或本机','退出登录','2020-11-23 10:34:19'),(260,'无咎','wujiu','0:0:0:0:0:0:0:1','局域网或本机','登录人事管理系统','2020-11-23 10:34:26'),(261,'无咎','wujiu','0:0:0:0:0:0:0:1','局域网或本机','退出登录','2020-11-23 11:22:01'),(262,'超级管理员','admin','0:0:0:0:0:0:0:1','局域网或本机','登录人事管理系统','2020-11-23 11:34:48'),(263,'超级管理员','admin','0:0:0:0:0:0:0:1','局域网或本机','退出登录','2020-11-23 11:36:43'),(264,'滑擎璺','314193f9-24bd-43b1-ab85-7a566b8c5b74','0:0:0:0:0:0:0:1','局域网或本机','登录人事管理系统','2020-11-23 11:36:49'),(265,'滑擎璺','314193f9-24bd-43b1-ab85-7a566b8c5b74','127.0.0.1','局域网或本机','退出登录','2020-11-23 11:42:39'),(266,'无咎','wujiu','127.0.0.1','局域网或本机','登录人事管理系统','2020-11-23 11:42:44'),(267,'无咎','wujiu','0:0:0:0:0:0:0:1','局域网或本机','退出登录','2020-11-23 11:49:40'),(268,'无咎','wujiu','0:0:0:0:0:0:0:1','局域网或本机','登录人事管理系统','2020-11-23 11:49:48'),(269,'无咎','wujiu','0:0:0:0:0:0:0:1','局域网或本机','新增或更新用户信息','2020-11-23 11:50:54'),(270,'无咎','wujiu','0:0:0:0:0:0:0:1','局域网或本机','新增或更新用户信息','2020-11-23 11:50:54'),(271,'无咎','wujiu','0:0:0:0:0:0:0:1','局域网或本机','退出登录','2020-11-23 11:51:05'),(272,'无咎','wujiu','0:0:0:0:0:0:0:1','局域网或本机','登录人事管理系统','2020-11-23 11:51:22'),(273,'无咎','wujiu','0:0:0:0:0:0:0:1','局域网或本机','新增或更新用户信息','2020-11-23 11:51:47'),(274,'无咎','wujiu','0:0:0:0:0:0:0:1','局域网或本机','新增或更新用户信息','2020-11-23 11:55:03'),(275,'无咎','wujiu','0:0:0:0:0:0:0:1','局域网或本机','退出登录','2020-11-23 11:55:06'),(276,'普通测试账号','test','0:0:0:0:0:0:0:1','局域网或本机','登录人事管理系统','2020-11-23 11:55:12'),(277,'普通测试账号','test','0:0:0:0:0:0:0:1','局域网或本机','退出登录','2020-11-23 11:58:20'),(278,'普通测试账号','test','0:0:0:0:0:0:0:1','局域网或本机','登录人事管理系统','2020-11-23 11:58:28'),(279,'普通测试账号','test','0:0:0:0:0:0:0:1','局域网或本机','退出登录','2020-11-23 13:03:16'),(280,'无咎','wujiu','0:0:0:0:0:0:0:1','局域网或本机','登录人事管理系统','2020-11-23 13:03:22'),(281,'无咎','wujiu','0:0:0:0:0:0:0:1','局域网或本机','退出登录','2020-11-23 13:33:07'),(282,'普通测试账号','test','0:0:0:0:0:0:0:1','局域网或本机','登录人事管理系统','2020-11-23 13:33:13'),(283,'普通测试账号','test','0:0:0:0:0:0:0:1','局域网或本机','退出登录','2020-11-23 13:37:55'),(284,'无咎','wujiu','0:0:0:0:0:0:0:1','局域网或本机','登录人事管理系统','2020-11-23 13:38:03'),(285,'无咎','wujiu','0:0:0:0:0:0:0:1','局域网或本机','新增或更新用户信息','2020-11-23 13:38:14'),(286,'无咎','wujiu','0:0:0:0:0:0:0:1','局域网或本机','退出登录','2020-11-23 13:38:19'),(287,'无咎','wujiu','0:0:0:0:0:0:0:1','局域网或本机','登录人事管理系统','2020-11-23 13:41:36'),(288,'无咎','wujiu','0:0:0:0:0:0:0:1','局域网或本机','新增或更新用户信息','2020-11-23 13:41:50'),(289,'无咎','wujiu','0:0:0:0:0:0:0:1','局域网或本机','新增或更新用户信息','2020-11-23 13:42:07'),(290,'无咎','wujiu','0:0:0:0:0:0:0:1','局域网或本机','新增或更新用户信息','2020-11-23 14:12:06'),(291,'无咎','wujiu','0:0:0:0:0:0:0:1','局域网或本机','退出登录','2020-11-23 14:43:11'),(292,'无咎','wujiu','0:0:0:0:0:0:0:1','局域网或本机','登录人事管理系统','2020-11-23 14:43:16'),(293,'无咎','wujiu','0:0:0:0:0:0:0:1','局域网或本机','退出登录','2020-11-23 15:27:53'),(294,'无咎','wujiu','0:0:0:0:0:0:0:1','局域网或本机','登录人事管理系统','2020-11-23 15:28:04'),(295,'无咎','wujiu','0:0:0:0:0:0:0:1','局域网或本机','退出登录','2020-11-23 15:28:24'),(296,'普通测试账号','test','0:0:0:0:0:0:0:1','局域网或本机','登录人事管理系统','2020-11-23 15:29:08'),(297,'普通测试账号','test','0:0:0:0:0:0:0:1','局域网或本机','退出登录','2020-11-23 15:47:18'),(298,'无咎','wujiu','0:0:0:0:0:0:0:1','局域网或本机','登录人事管理系统','2020-11-23 15:47:24'),(299,'无咎','wujiu','0:0:0:0:0:0:0:1','局域网或本机','新增或修改薪资信息','2020-11-23 15:53:38'),(300,'无咎','wujiu','0:0:0:0:0:0:0:1','局域网或本机','新增或修改薪资信息','2020-11-23 15:53:44'),(301,'无咎','wujiu','0:0:0:0:0:0:0:1','局域网或本机','新增或修改薪资信息','2020-11-23 15:53:49'),(302,'无咎','wujiu','0:0:0:0:0:0:0:1','局域网或本机','新增或修改薪资信息','2020-11-23 15:54:04'),(303,'无咎','wujiu','0:0:0:0:0:0:0:1','局域网或本机','新增或修改薪资信息','2020-11-23 15:54:11'),(304,'无咎','wujiu','0:0:0:0:0:0:0:1','局域网或本机','新增或修改薪资信息','2020-11-23 15:54:27'),(305,'无咎','wujiu','0:0:0:0:0:0:0:1','局域网或本机','新增或修改薪资信息','2020-11-23 15:54:34'),(306,'无咎','wujiu','0:0:0:0:0:0:0:1','局域网或本机','新增或修改薪资信息','2020-11-23 15:54:39'),(307,'无咎','wujiu','0:0:0:0:0:0:0:1','局域网或本机','新增或修改薪资信息','2020-11-23 15:54:45'),(308,'无咎','wujiu','0:0:0:0:0:0:0:1','局域网或本机','新增或修改薪资信息','2020-11-23 15:54:50'),(309,'无咎','wujiu','0:0:0:0:0:0:0:1','局域网或本机','新增或修改薪资信息','2020-11-23 15:54:56'),(310,'无咎','wujiu','0:0:0:0:0:0:0:1','局域网或本机','新增或修改薪资信息','2020-11-23 15:55:01'),(311,'无咎','wujiu','0:0:0:0:0:0:0:1','局域网或本机','退出登录','2020-11-23 19:49:07'),(312,'无咎','wujiu','0:0:0:0:0:0:0:1','局域网或本机','登录人事管理系统','2020-11-23 20:27:31'),(313,'无咎','wujiu','0:0:0:0:0:0:0:1','局域网或本机','退出登录','2020-11-23 21:20:35'),(314,'超级管理员','admin','0:0:0:0:0:0:0:1','局域网或本机','登录人事管理系统','2020-11-23 21:20:40'),(315,'超级管理员','admin','0:0:0:0:0:0:0:1','局域网或本机','退出登录','2020-11-23 21:21:05'),(316,'无咎','wujiu','0:0:0:0:0:0:0:1','局域网或本机','登录人事管理系统','2020-11-23 21:21:10'),(317,'无咎','wujiu','0:0:0:0:0:0:0:1','局域网或本机','登录人事管理系统','2020-11-24 14:40:14'),(318,'无咎','wujiu','0:0:0:0:0:0:0:1','局域网或本机','退出登录','2020-11-24 15:40:18'),(319,'无咎','wujiu','0:0:0:0:0:0:0:1','局域网或本机','登录人事管理系统','2020-11-24 15:40:25'),(320,'无咎','wujiu','0:0:0:0:0:0:0:1','局域网或本机','登录人事管理系统','2020-11-24 16:05:12'),(321,'无咎','wujiu','0:0:0:0:0:0:0:1','局域网或本机','新增或修改薪资信息','2020-11-24 17:25:19'),(322,'无咎','wujiu','0:0:0:0:0:0:0:1','局域网或本机','退出登录','2020-11-24 22:21:55'),(323,'无咎','wujiu','0:0:0:0:0:0:0:1','局域网或本机','登录人事管理系统','2020-11-24 22:22:06'),(324,'无咎','wujiu','0:0:0:0:0:0:0:1','局域网或本机','退出登录','2020-11-25 10:28:35'),(325,'无咎','wujiu','0:0:0:0:0:0:0:1','局域网或本机','登录人事管理系统','2020-11-25 10:28:41'),(326,'无咎','wujiu','0:0:0:0:0:0:0:1','局域网或本机','登录人事管理系统','2020-11-26 11:09:53'),(327,'无咎','wujiu','0:0:0:0:0:0:0:1','局域网或本机','退出登录','2020-11-26 11:17:39'),(328,'普通测试账号','test','0:0:0:0:0:0:0:1','局域网或本机','登录人事管理系统','2020-11-26 11:17:44'),(329,'普通测试账号','test','0:0:0:0:0:0:0:1','局域网或本机','退出登录','2020-11-26 11:17:59'),(330,'无咎','wujiu','0:0:0:0:0:0:0:1','局域网或本机','登录人事管理系统','2020-11-26 11:18:05'),(331,'无咎','wujiu','0:0:0:0:0:0:0:1','局域网或本机','退出登录','2020-11-26 15:57:57'),(332,'超级管理员','admin','0:0:0:0:0:0:0:1','局域网或本机','登录人事管理系统','2020-11-26 15:58:06'),(333,'超级管理员','admin','0:0:0:0:0:0:0:1','局域网或本机','退出登录','2020-11-26 15:58:13'),(334,'无咎','wujiu','0:0:0:0:0:0:0:1','局域网或本机','登录人事管理系统','2020-11-26 15:58:19'),(335,'无咎','wujiu','0:0:0:0:0:0:0:1','局域网或本机','退出登录','2020-11-27 11:32:46'),(336,'普通测试账号','test','0:0:0:0:0:0:0:1','局域网或本机','登录人事管理系统','2020-11-27 11:32:54'),(337,'普通测试账号','test','0:0:0:0:0:0:0:1','局域网或本机','退出登录','2020-11-27 11:33:32'),(338,'无咎','wujiu','0:0:0:0:0:0:0:1','局域网或本机','登录人事管理系统','2020-11-27 11:33:40'),(339,'无咎','wujiu','0:0:0:0:0:0:0:1','局域网或本机','退出登录','2020-11-27 16:04:37'),(340,'普通测试账号','test','0:0:0:0:0:0:0:1','局域网或本机','登录人事管理系统','2020-11-27 16:04:44'),(341,'普通测试账号','test','127.0.0.1','局域网或本机','退出登录','2020-11-27 16:07:45'),(342,'普通测试账号','test','127.0.0.1','局域网或本机','退出登录','2020-11-27 16:07:45'),(343,'无咎','wujiu','127.0.0.1','局域网或本机','登录人事管理系统','2020-11-27 16:07:56'),(344,'无咎','wujiu','0:0:0:0:0:0:0:1','局域网或本机','登录人事管理系统','2020-11-28 11:51:04');
/*!40000 ALTER TABLE `operation_log` ENABLE KEYS */;
UNLOCK TABLES;

--
-- Table structure for table `salary`
--

DROP TABLE IF EXISTS `salary`;
/*!40101 SET @saved_cs_client     = @@character_set_client */;
/*!50503 SET character_set_client = utf8mb4 */;
CREATE TABLE `salary` (
  `id` int NOT NULL AUTO_INCREMENT,
  `employee_id` int NOT NULL COMMENT '员工Id',
  `base_salary` double NOT NULL COMMENT '基础工资',
  `bonus` double DEFAULT NULL COMMENT '奖金',
  `meal_subsidy` double DEFAULT NULL COMMENT '用餐补贴',
  `traffic_subsidy` double DEFAULT NULL COMMENT '交通补贴',
  `rent_subsidy` int DEFAULT NULL COMMENT '房屋补助',
  `additional_salary` double DEFAULT NULL COMMENT '额外薪资',
  `remark` varchar(255) DEFAULT NULL COMMENT '备注信息',
  `total_salary` double NOT NULL COMMENT '薪资总和',
  `grant_date` datetime NOT NULL COMMENT '发放日期',
  PRIMARY KEY (`id`)
) ENGINE=InnoDB AUTO_INCREMENT=241 DEFAULT CHARSET=utf8mb4 COLLATE=utf8mb4_0900_ai_ci COMMENT='薪资表';
/*!40101 SET character_set_client = @saved_cs_client */;

--
-- Dumping data for table `salary`
--

LOCK TABLES `salary` WRITE;
/*!40000 ALTER TABLE `salary` DISABLE KEYS */;
INSERT INTO `salary` VALUES (1,1,5000,1000,600,600,1500,200,'报销补助',8900,'2020-11-07 20:54:55'),(2,463,8000,2000,20,20,20,20,'测试数据',10000,'2020-11-12 00:00:00'),(3,462,8000,2000,20,20,20,20,'',10000,'2020-11-12 00:00:00'),(6,507,8000,NULL,NULL,NULL,NULL,NULL,'',10000,'2020-11-24 00:00:00'),(8,478,8000,1993,NULL,NULL,NULL,NULL,'',10000,'2020-11-18 00:00:00'),(9,479,8000,1993,NULL,NULL,NULL,NULL,'',10000,'2020-11-18 00:00:00'),(11,500,8000,1993,NULL,NULL,NULL,NULL,'',10000,'2020-11-18 00:00:00'),(12,500,8000,1993,NULL,NULL,NULL,NULL,'',10000,'2020-11-18 00:00:00'),(14,500,8000,1993,NULL,NULL,NULL,NULL,'',10000,'2020-11-18 00:00:00'),(15,500,8000,1993,NULL,NULL,NULL,NULL,'',10000,'2020-11-18 00:00:00'),(16,500,8000,1993,NULL,NULL,NULL,NULL,'',10000,'2020-11-18 00:00:00'),(17,500,8000,1993,NULL,NULL,NULL,NULL,'',10000,'2020-11-18 00:00:00'),(18,500,8000,1993,NULL,NULL,NULL,NULL,'',10000,'2020-11-18 00:00:00'),(19,485,18000,1000,500,500,NULL,NULL,'',20000,'2020-11-20 00:00:00'),(20,1,9982,NULL,NULL,NULL,NULL,NULL,'',10000,'2020-04-21 00:00:00'),(21,1,9982,NULL,NULL,NULL,NULL,NULL,'',10000,'2020-04-21 00:00:00'),(22,1,9982,NULL,NULL,NULL,NULL,NULL,'',10000,'2020-04-21 00:00:00'),(23,1,9982,NULL,NULL,NULL,NULL,NULL,'',10000,'2020-04-21 00:00:00'),(24,1,9982,NULL,NULL,NULL,NULL,NULL,'',10000,'2020-04-21 00:00:00'),(25,1,9982,NULL,NULL,NULL,NULL,NULL,'',10000,'2020-04-21 00:00:00'),(26,1,9982,NULL,NULL,NULL,NULL,NULL,'',10000,'2020-04-21 00:00:00'),(27,1,9982,NULL,NULL,NULL,NULL,NULL,'',10000,'2020-04-21 00:00:00'),(28,3,20000,NULL,NULL,NULL,NULL,NULL,'',20000,'2020-06-20 00:00:00'),(29,3,20000,NULL,NULL,NULL,NULL,NULL,'',20000,'2020-06-20 00:00:00'),(30,3,20000,NULL,NULL,NULL,NULL,NULL,'',20000,'2020-06-20 00:00:00'),(31,3,20000,NULL,NULL,NULL,NULL,NULL,'',20000,'2020-06-20 00:00:00'),(32,3,20000,NULL,NULL,NULL,NULL,NULL,'',20000,'2020-06-20 00:00:00'),(33,3,20000,NULL,NULL,NULL,NULL,NULL,'',20000,'2020-06-20 00:00:00'),(34,3,20000,NULL,NULL,NULL,NULL,NULL,'',20000,'2020-06-20 00:00:00'),(35,3,20000,NULL,NULL,NULL,NULL,NULL,'',20000,'2020-06-20 00:00:00'),(36,3,20000,NULL,NULL,NULL,NULL,NULL,'',20000,'2020-06-20 00:00:00'),(37,3,20000,NULL,NULL,NULL,NULL,NULL,'',20000,'2020-06-20 00:00:00'),(38,3,20000,NULL,NULL,NULL,NULL,NULL,'',20000,'2020-06-20 00:00:00'),(39,3,20000,NULL,NULL,NULL,NULL,NULL,'',20000,'2020-06-20 00:00:00'),(40,2,1222,NULL,NULL,NULL,NULL,NULL,'',12312,'2020-04-21 00:00:00'),(41,1,1222,NULL,NULL,NULL,NULL,NULL,'',12312,'2020-04-21 00:00:00'),(42,1,1222,NULL,NULL,NULL,NULL,NULL,'',12312,'2020-04-21 00:00:00'),(43,1,1222,NULL,NULL,NULL,NULL,NULL,'',12312,'2020-04-21 00:00:00'),(44,1,1222,NULL,NULL,NULL,NULL,NULL,'',12312,'2020-04-21 00:00:00'),(45,1,1222,NULL,NULL,NULL,NULL,NULL,'',12312,'2020-04-21 00:00:00'),(46,1,1222,NULL,NULL,NULL,NULL,NULL,'',12312,'2020-04-21 00:00:00'),(47,1,1222,NULL,NULL,NULL,NULL,NULL,'',12312,'2020-04-21 00:00:00'),(48,1,122,NULL,NULL,NULL,NULL,NULL,'',1200,'2020-11-12 00:00:00'),(49,484,12355,NULL,NULL,NULL,NULL,NULL,'',15000,'2020-05-07 00:00:00'),(50,484,12355,NULL,NULL,NULL,NULL,NULL,'',15000,'2020-05-07 00:00:00'),(51,484,12355,NULL,NULL,NULL,NULL,NULL,'',15000,'2020-05-07 00:00:00'),(52,484,12355,NULL,NULL,NULL,NULL,NULL,'',15000,'2020-05-07 00:00:00'),(53,484,12355,NULL,NULL,NULL,NULL,NULL,'',15000,'2020-05-07 00:00:00'),(54,484,12355,NULL,NULL,NULL,NULL,NULL,'',15000,'2020-05-07 00:00:00'),(55,484,12355,NULL,NULL,NULL,NULL,NULL,'',15000,'2020-05-07 00:00:00'),(56,484,12355,NULL,NULL,NULL,NULL,NULL,'',15000,'2020-05-07 00:00:00'),(57,484,12355,NULL,NULL,NULL,NULL,NULL,'',15000,'2020-05-07 00:00:00'),(58,484,12355,NULL,NULL,NULL,NULL,NULL,'',15000,'2020-05-07 00:00:00'),(59,484,12355,NULL,NULL,NULL,NULL,NULL,'',15000,'2020-03-07 00:00:00'),(60,484,12355,NULL,NULL,NULL,NULL,NULL,'',15000,'2020-03-07 00:00:00'),(61,484,12355,NULL,NULL,NULL,NULL,NULL,'',15000,'2020-03-07 00:00:00'),(62,484,12355,NULL,NULL,NULL,NULL,NULL,'',15000,'2020-03-07 00:00:00'),(63,484,12355,NULL,NULL,NULL,NULL,NULL,'',15000,'2020-03-07 00:00:00'),(64,484,12355,NULL,NULL,NULL,NULL,NULL,'',15000,'2020-03-07 00:00:00'),(65,484,12355,NULL,NULL,NULL,NULL,NULL,'',15000,'2020-03-07 00:00:00'),(66,484,12355,NULL,NULL,NULL,NULL,NULL,'',15000,'2020-03-07 00:00:00'),(67,484,12355,NULL,NULL,NULL,NULL,NULL,'',15000,'2020-02-07 00:00:00'),(68,484,12355,NULL,NULL,NULL,NULL,NULL,'',15000,'2020-02-07 00:00:00'),(69,484,12355,NULL,NULL,NULL,NULL,NULL,'',15000,'2020-02-07 00:00:00'),(70,484,12355,NULL,NULL,NULL,NULL,NULL,'',15000,'2020-02-07 00:00:00'),(71,484,12355,NULL,NULL,NULL,NULL,NULL,'',15000,'2020-02-07 00:00:00'),(72,484,12355,NULL,NULL,NULL,NULL,NULL,'',15000,'2020-02-07 00:00:00'),(73,484,12355,NULL,NULL,NULL,NULL,NULL,'',15000,'2020-01-07 00:00:00'),(74,484,12355,NULL,NULL,NULL,NULL,NULL,'',15000,'2020-01-07 00:00:00'),(75,484,12355,NULL,NULL,NULL,NULL,NULL,'',15000,'2020-01-07 00:00:00'),(76,484,12355,NULL,NULL,NULL,NULL,NULL,'',15000,'2020-01-07 00:00:00'),(77,484,12355,NULL,NULL,NULL,NULL,NULL,'',15000,'2020-01-07 00:00:00'),(78,484,12355,NULL,NULL,NULL,NULL,NULL,'',15000,'2020-01-07 00:00:00'),(79,484,12355,NULL,NULL,NULL,NULL,NULL,'',15000,'2020-01-07 00:00:00'),(80,484,12355,NULL,NULL,NULL,NULL,NULL,'',15000,'2020-01-07 00:00:00'),(81,484,12355,NULL,NULL,NULL,NULL,NULL,'',15000,'2020-01-07 00:00:00'),(82,484,12355,NULL,NULL,NULL,NULL,NULL,'',15000,'2020-01-07 00:00:00'),(83,484,12355,NULL,NULL,NULL,NULL,NULL,'',15000,'2020-01-07 00:00:00'),(84,484,12355,NULL,NULL,NULL,NULL,NULL,'',15000,'2020-10-07 00:00:00'),(85,484,12355,NULL,NULL,NULL,NULL,NULL,'',15000,'2020-10-07 00:00:00'),(86,484,12355,NULL,NULL,NULL,NULL,NULL,'',15000,'2020-10-07 00:00:00'),(87,484,12355,NULL,NULL,NULL,NULL,NULL,'',15000,'2020-10-07 00:00:00'),(88,484,12355,NULL,NULL,NULL,NULL,NULL,'',15000,'2020-10-07 00:00:00'),(89,484,12355,NULL,NULL,NULL,NULL,NULL,'',15000,'2020-10-07 00:00:00'),(90,484,12355,NULL,NULL,NULL,NULL,NULL,'',15000,'2020-10-07 00:00:00'),(91,484,12355,NULL,NULL,NULL,NULL,NULL,'',15000,'2020-10-07 00:00:00'),(92,484,12355,NULL,NULL,NULL,NULL,NULL,'',15000,'2020-12-07 00:00:00'),(93,484,12355,NULL,NULL,NULL,NULL,NULL,'',15000,'2020-12-07 00:00:00'),(94,484,12355,NULL,NULL,NULL,NULL,NULL,'',15000,'2020-12-07 00:00:00'),(95,484,12355,NULL,NULL,NULL,NULL,NULL,'',15000,'2020-12-07 00:00:00'),(96,484,12355,NULL,NULL,NULL,NULL,NULL,'',15000,'2020-12-07 00:00:00'),(97,484,12355,NULL,NULL,NULL,NULL,NULL,'',15000,'2020-12-07 00:00:00'),(98,484,12355,NULL,NULL,NULL,NULL,NULL,'',15000,'2020-12-07 00:00:00'),(99,484,12355,NULL,NULL,NULL,NULL,NULL,'',15000,'2020-12-07 00:00:00'),(100,484,12355,NULL,NULL,NULL,NULL,NULL,'',15000,'2020-12-07 00:00:00'),(101,484,12355,NULL,NULL,NULL,NULL,NULL,'',15000,'2020-12-07 00:00:00'),(102,484,12355,NULL,NULL,NULL,NULL,NULL,'',15000,'2020-12-07 00:00:00'),(103,486,12355,NULL,NULL,NULL,NULL,NULL,'',13214,'2019-12-07 00:00:00'),(104,486,12355,NULL,NULL,NULL,NULL,NULL,'',13214,'2019-12-07 00:00:00'),(105,486,12355,NULL,NULL,NULL,NULL,NULL,'',13214,'2019-12-07 00:00:00'),(106,486,12355,NULL,NULL,NULL,NULL,NULL,'',13214,'2019-12-07 00:00:00'),(107,486,12355,NULL,NULL,NULL,NULL,NULL,'',13214,'2019-12-07 00:00:00'),(108,486,12355,NULL,NULL,NULL,NULL,NULL,'',13214,'2019-12-07 00:00:00'),(109,486,12355,NULL,NULL,NULL,NULL,NULL,'',13214,'2019-12-07 00:00:00'),(110,486,12355,NULL,NULL,NULL,NULL,NULL,'',13214,'2019-12-07 00:00:00'),(111,486,12355,NULL,NULL,NULL,NULL,NULL,'',13214,'2019-12-07 00:00:00'),(112,486,12355,NULL,NULL,NULL,NULL,NULL,'',13214,'2019-12-07 00:00:00'),(113,486,12355,NULL,NULL,NULL,NULL,NULL,'',13214,'2019-11-07 00:00:00'),(114,486,12355,NULL,NULL,NULL,NULL,NULL,'',13214,'2019-11-07 00:00:00'),(115,486,12355,NULL,NULL,NULL,NULL,NULL,'',13214,'2019-11-07 00:00:00'),(116,486,12355,NULL,NULL,NULL,NULL,NULL,'',13214,'2019-11-07 00:00:00'),(117,486,12355,NULL,NULL,NULL,NULL,NULL,'',13214,'2019-11-07 00:00:00'),(118,486,12355,NULL,NULL,NULL,NULL,NULL,'',13214,'2019-11-07 00:00:00'),(119,486,12355,NULL,NULL,NULL,NULL,NULL,'',13214,'2019-11-07 00:00:00'),(120,486,12355,NULL,NULL,NULL,NULL,NULL,'',13214,'2019-10-07 00:00:00'),(121,486,12355,NULL,NULL,NULL,NULL,NULL,'',13214,'2019-10-07 00:00:00'),(122,486,12355,NULL,NULL,NULL,NULL,NULL,'',13214,'2019-10-07 00:00:00'),(123,486,12355,NULL,NULL,NULL,NULL,NULL,'',13214,'2019-10-07 00:00:00'),(124,486,12355,NULL,NULL,NULL,NULL,NULL,'',13214,'2019-10-07 00:00:00'),(125,486,12355,NULL,NULL,NULL,NULL,NULL,'',13214,'2019-10-07 00:00:00'),(126,486,12355,NULL,NULL,NULL,NULL,NULL,'',13214,'2019-10-07 00:00:00'),(127,486,12355,NULL,NULL,NULL,NULL,NULL,'',13214,'2019-09-07 00:00:00'),(128,486,12355,NULL,NULL,NULL,NULL,NULL,'',13214,'2019-09-07 00:00:00'),(129,486,12355,NULL,NULL,NULL,NULL,NULL,'',13214,'2019-09-07 00:00:00'),(130,486,12355,NULL,NULL,NULL,NULL,NULL,'',13214,'2019-09-07 00:00:00'),(131,486,12355,NULL,NULL,NULL,NULL,NULL,'',13214,'2019-09-07 00:00:00'),(132,486,12355,NULL,NULL,NULL,NULL,NULL,'',13214,'2019-09-07 00:00:00'),(133,486,12355,NULL,NULL,NULL,NULL,NULL,'',13214,'2019-09-07 00:00:00'),(134,486,12355,NULL,NULL,NULL,NULL,NULL,'',13214,'2019-08-07 00:00:00'),(135,486,12355,NULL,NULL,NULL,NULL,NULL,'',13214,'2019-08-07 00:00:00'),(136,486,12355,NULL,NULL,NULL,NULL,NULL,'',13214,'2019-08-07 00:00:00'),(137,486,12355,NULL,NULL,NULL,NULL,NULL,'',13214,'2019-08-07 00:00:00'),(138,486,12355,NULL,NULL,NULL,NULL,NULL,'',13214,'2019-08-07 00:00:00'),(139,486,12355,NULL,NULL,NULL,NULL,NULL,'',13214,'2019-08-07 00:00:00'),(140,486,12355,NULL,NULL,NULL,NULL,NULL,'',13214,'2019-08-07 00:00:00'),(141,486,12355,NULL,NULL,NULL,NULL,NULL,'',13214,'2019-08-07 00:00:00'),(142,486,12355,NULL,NULL,NULL,NULL,NULL,'',13214,'2019-07-07 00:00:00'),(143,486,12355,NULL,NULL,NULL,NULL,NULL,'',13214,'2019-07-07 00:00:00'),(144,486,12355,NULL,NULL,NULL,NULL,NULL,'',13214,'2019-07-07 00:00:00'),(145,486,12355,NULL,NULL,NULL,NULL,NULL,'',13214,'2019-07-07 00:00:00'),(146,486,12355,NULL,NULL,NULL,NULL,NULL,'',13214,'2019-07-07 00:00:00'),(147,486,12355,NULL,NULL,NULL,NULL,NULL,'',13214,'2019-07-07 00:00:00'),(148,486,12355,NULL,NULL,NULL,NULL,NULL,'',13214,'2019-07-07 00:00:00'),(149,486,12355,NULL,NULL,NULL,NULL,NULL,'',13214,'2019-07-07 00:00:00'),(150,486,12355,NULL,NULL,NULL,NULL,NULL,'',13214,'2019-06-07 00:00:00'),(151,486,12355,NULL,NULL,NULL,NULL,NULL,'',13214,'2019-06-07 00:00:00'),(152,486,12355,NULL,NULL,NULL,NULL,NULL,'',13214,'2019-06-07 00:00:00'),(153,486,12355,NULL,NULL,NULL,NULL,NULL,'',13214,'2019-06-07 00:00:00'),(154,486,12355,NULL,NULL,NULL,NULL,NULL,'',13214,'2019-06-07 00:00:00'),(155,486,12355,NULL,NULL,NULL,NULL,NULL,'',13214,'2019-06-07 00:00:00'),(156,486,12355,NULL,NULL,NULL,NULL,NULL,'',13214,'2019-06-07 00:00:00'),(157,486,12355,NULL,NULL,NULL,NULL,NULL,'',13214,'2019-06-07 00:00:00'),(158,486,12355,NULL,NULL,NULL,NULL,NULL,'',13214,'2019-06-07 00:00:00'),(159,486,12355,NULL,NULL,NULL,NULL,NULL,'',13214,'2019-05-07 00:00:00'),(160,486,12355,NULL,NULL,NULL,NULL,NULL,'',13214,'2019-05-07 00:00:00'),(161,486,12355,NULL,NULL,NULL,NULL,NULL,'',13214,'2019-05-07 00:00:00'),(162,486,12355,NULL,NULL,NULL,NULL,NULL,'',13214,'2019-05-07 00:00:00'),(163,486,12355,NULL,NULL,NULL,NULL,NULL,'',13214,'2019-05-07 00:00:00'),(164,486,12355,NULL,NULL,NULL,NULL,NULL,'',13214,'2019-05-07 00:00:00'),(165,486,12355,NULL,NULL,NULL,NULL,NULL,'',13214,'2019-05-07 00:00:00'),(166,486,12355,NULL,NULL,NULL,NULL,NULL,'',13214,'2019-04-07 00:00:00'),(167,486,12355,NULL,NULL,NULL,NULL,NULL,'',13214,'2019-04-07 00:00:00'),(168,486,12355,NULL,NULL,NULL,NULL,NULL,'',13214,'2019-04-07 00:00:00'),(169,486,12355,NULL,NULL,NULL,NULL,NULL,'',13214,'2019-04-07 00:00:00'),(170,486,12355,NULL,NULL,NULL,NULL,NULL,'',13214,'2019-04-07 00:00:00'),(171,486,12355,NULL,NULL,NULL,NULL,NULL,'',13214,'2019-04-07 00:00:00'),(172,486,12355,NULL,NULL,NULL,NULL,NULL,'',13214,'2019-04-07 00:00:00'),(173,486,12355,NULL,NULL,NULL,NULL,NULL,'',13214,'2019-04-07 00:00:00'),(174,486,12355,NULL,NULL,NULL,NULL,NULL,'',13214,'2019-04-07 00:00:00'),(175,486,12355,NULL,NULL,NULL,NULL,NULL,'',13214,'2019-03-07 00:00:00'),(176,486,12355,NULL,NULL,NULL,NULL,NULL,'',13214,'2019-03-07 00:00:00'),(177,486,12355,NULL,NULL,NULL,NULL,NULL,'',13214,'2019-03-07 00:00:00'),(178,486,12355,NULL,NULL,NULL,NULL,NULL,'',13214,'2019-03-07 00:00:00'),(179,486,12355,NULL,NULL,NULL,NULL,NULL,'',13214,'2019-03-07 00:00:00'),(180,486,12355,NULL,NULL,NULL,NULL,NULL,'',13214,'2019-03-07 00:00:00'),(181,486,12355,NULL,NULL,NULL,NULL,NULL,'',13214,'2019-01-07 00:00:00'),(182,486,12355,NULL,NULL,NULL,NULL,NULL,'',13214,'2019-01-07 00:00:00'),(183,486,12355,NULL,NULL,NULL,NULL,NULL,'',13214,'2019-01-07 00:00:00'),(184,486,12355,NULL,NULL,NULL,NULL,NULL,'',13214,'2019-01-07 00:00:00'),(185,486,12355,NULL,NULL,NULL,NULL,NULL,'',13214,'2019-01-07 00:00:00'),(186,486,12355,NULL,NULL,NULL,NULL,NULL,'',13214,'2019-01-07 00:00:00'),(187,486,12355,NULL,NULL,NULL,NULL,NULL,'',13214,'2019-01-07 00:00:00'),(188,486,12355,NULL,NULL,NULL,NULL,NULL,'',13214,'2019-01-07 00:00:00'),(189,486,12355,NULL,NULL,NULL,NULL,NULL,'',13214,'2019-01-07 00:00:00'),(190,486,12355,NULL,NULL,NULL,NULL,NULL,'',13214,'2019-02-07 00:00:00'),(191,486,12355,NULL,NULL,NULL,NULL,NULL,'',13214,'2019-02-07 00:00:00'),(192,486,12355,NULL,NULL,NULL,NULL,NULL,'',13214,'2019-02-07 00:00:00'),(193,486,12355,NULL,NULL,NULL,NULL,NULL,'',13214,'2019-02-07 00:00:00'),(194,486,12355,NULL,NULL,NULL,NULL,NULL,'',13214,'2019-02-07 00:00:00'),(195,486,12355,NULL,NULL,NULL,NULL,NULL,'',13214,'2019-02-07 00:00:00'),(196,486,12355,NULL,NULL,NULL,NULL,NULL,'',13214,'2019-02-07 00:00:00'),(197,486,12355,NULL,NULL,NULL,NULL,NULL,'',13214,'2019-02-07 00:00:00'),(198,486,12355,NULL,NULL,NULL,NULL,NULL,'',13214,'2019-02-07 00:00:00'),(199,486,12355,NULL,NULL,NULL,NULL,NULL,'',13214,'2019-02-07 00:00:00'),(200,486,12355,NULL,NULL,NULL,NULL,NULL,'',13214,'2019-02-07 00:00:00'),(201,473,10983,NULL,NULL,NULL,NULL,NULL,'',12389,'2020-07-21 00:00:00'),(202,473,10983,NULL,NULL,NULL,NULL,NULL,'',12389,'2020-07-21 00:00:00'),(203,473,10983,NULL,NULL,NULL,NULL,NULL,'',12389,'2020-07-21 00:00:00'),(204,473,10983,NULL,NULL,NULL,NULL,NULL,'',12389,'2020-07-21 00:00:00'),(205,473,10983,NULL,NULL,NULL,NULL,NULL,'',12389,'2020-07-21 00:00:00'),(206,473,10983,NULL,NULL,NULL,NULL,NULL,'',12389,'2020-07-21 00:00:00'),(207,473,10983,NULL,NULL,NULL,NULL,NULL,'',12389,'2020-07-21 00:00:00'),(208,473,10983,NULL,NULL,NULL,NULL,NULL,'',12389,'2020-07-21 00:00:00'),(209,473,10983,NULL,NULL,NULL,NULL,NULL,'',12389,'2020-07-21 00:00:00'),(210,473,10983,NULL,NULL,NULL,NULL,NULL,'',12389,'2020-07-21 00:00:00'),(211,473,10983,NULL,NULL,NULL,NULL,NULL,'',12389,'2020-08-21 00:00:00'),(212,473,10983,NULL,NULL,NULL,NULL,NULL,'',12389,'2020-08-21 00:00:00'),(213,473,10983,NULL,NULL,NULL,NULL,NULL,'',12389,'2020-08-21 00:00:00'),(214,473,10983,NULL,NULL,NULL,NULL,NULL,'',12389,'2020-08-21 00:00:00'),(215,473,10983,NULL,NULL,NULL,NULL,NULL,'',12389,'2020-08-21 00:00:00'),(216,473,10983,NULL,NULL,NULL,NULL,NULL,'',12389,'2020-08-21 00:00:00'),(217,473,10983,NULL,NULL,NULL,NULL,NULL,'',12389,'2020-08-21 00:00:00'),(218,473,10983,NULL,NULL,NULL,NULL,NULL,'',12389,'2020-08-21 00:00:00'),(219,473,10983,NULL,NULL,NULL,NULL,NULL,'',12389,'2020-08-21 00:00:00'),(220,473,10983,NULL,NULL,NULL,NULL,NULL,'',12389,'2020-09-21 00:00:00'),(221,473,10983,NULL,NULL,NULL,NULL,NULL,'',12389,'2020-09-21 00:00:00'),(222,473,10983,NULL,NULL,NULL,NULL,NULL,'',12389,'2020-09-21 00:00:00'),(223,473,10983,NULL,NULL,NULL,NULL,NULL,'',12389,'2020-09-21 00:00:00'),(224,473,10983,NULL,NULL,NULL,NULL,NULL,'',12389,'2020-09-21 00:00:00'),(225,473,10983,NULL,NULL,NULL,NULL,NULL,'',12389,'2020-09-21 00:00:00'),(226,473,10983,NULL,NULL,NULL,NULL,NULL,'',12389,'2020-09-21 00:00:00'),(227,473,10983,NULL,NULL,NULL,NULL,NULL,'',12389,'2020-09-21 00:00:00'),(228,473,10983,NULL,NULL,NULL,NULL,NULL,'',12389,'2020-09-21 00:00:00'),(229,608,18000,1000,200,200,300,300,'',20000,'2020-04-21 00:00:00'),(230,608,18000,1000,200,200,300,300,'',20000,'2020-05-21 00:00:00'),(231,608,18000,1000,200,200,300,300,'',20000,'2020-06-21 00:00:00'),(232,608,20000,1000,200,200,300,300,'',22000,'2020-07-21 00:00:00'),(233,608,20000,1000,200,200,300,300,'',22000,'2020-08-21 00:00:00'),(234,608,23000,1000,200,200,300,300,'',25000,'2020-09-21 00:00:00'),(235,608,23000,1000,200,200,300,300,'',25000,'2020-10-21 00:00:00'),(236,608,23000,1000,200,200,300,300,'',25000,'2020-11-21 00:00:00'),(237,608,18000,1000,200,200,300,300,'',20000,'2020-12-21 00:00:00'),(238,608,23000,1000,200,200,300,300,'',25000,'2020-01-21 00:00:00'),(239,608,23000,1000,200,200,300,300,'',25000,'2020-02-21 00:00:00'),(240,608,23000,1000,200,200,300,300,'',25000,'2020-03-21 00:00:00');
/*!40000 ALTER TABLE `salary` ENABLE KEYS */;
UNLOCK TABLES;

--
-- Table structure for table `task`
--

DROP TABLE IF EXISTS `task`;
/*!40101 SET @saved_cs_client     = @@character_set_client */;
/*!50503 SET character_set_client = utf8mb4 */;
CREATE TABLE `task` (
  `id` int NOT NULL AUTO_INCREMENT,
  `task_name` varchar(255) NOT NULL,
  `task_content` varchar(255) NOT NULL,
  `sender` int NOT NULL COMMENT '任务发起人',
  `receiver` int NOT NULL COMMENT '任务执行人',
  `task_status` int NOT NULL DEFAULT '1' COMMENT '任务状态',
  `remark` varchar(255) DEFAULT NULL COMMENT '备注',
  `create_date` datetime NOT NULL,
  `end_date` datetime DEFAULT NULL COMMENT '任务截至日期',
  PRIMARY KEY (`id`)
) ENGINE=InnoDB AUTO_INCREMENT=76 DEFAULT CHARSET=utf8mb4 COLLATE=utf8mb4_0900_ai_ci;
/*!40101 SET character_set_client = @saved_cs_client */;

--
-- Dumping data for table `task`
--

LOCK TABLES `task` WRITE;
/*!40000 ALTER TABLE `task` DISABLE KEYS */;
INSERT INTO `task` VALUES (1,'测试任务','测试',1,2,1,'无','2020-11-18 18:04:54',NULL),(2,'测试任务2','测试任务2',357,3,1,'','2020-11-18 00:00:00','2020-11-19 00:00:00'),(3,'测试任务','测试修改任务信息',1,2,5,'','2020-11-18 00:00:00',NULL),(4,'完成首页任务展示','完成首页展示',1,1,1,'','2020-11-21 00:00:00','2020-11-22 00:00:00'),(5,'完成首页任务展示','',2,2,4,'','2020-11-21 00:00:00','2020-11-25 00:00:00'),(7,'测试','a\'s\'da\'dasdad',3,3,2,'','2020-11-25 00:00:00','2020-11-23 00:00:00'),(8,'测试','a\'s\'da\'dasdad',3,3,2,'','2020-11-25 00:00:00','2020-11-23 00:00:00'),(9,'测试','a\'s\'da\'dasdad',3,3,2,'','2020-11-25 00:00:00','2020-11-23 00:00:00'),(10,'测试','a\'s\'da\'dasdad',3,3,2,'','2020-11-25 00:00:00','2020-11-23 00:00:00'),(11,'测试','a\'s\'da\'dasdad',3,3,2,'','2020-11-25 00:00:00','2020-11-23 00:00:00'),(12,'测试','a\'s\'da\'dasdad',3,3,4,'','2020-11-25 00:00:00','2020-11-23 00:00:00'),(13,'测试','a\'s\'da\'dasdad',3,3,4,'','2020-11-25 00:00:00','2020-11-23 00:00:00'),(14,'测试','a\'s\'da\'dasdad',3,3,4,'','2020-11-25 00:00:00','2020-11-23 00:00:00'),(15,'测试','a\'s\'da\'dasdad',3,3,4,'','2020-11-25 00:00:00','2020-11-23 00:00:00'),(16,'测试','a\'s\'da\'dasdad',3,3,4,'','2020-11-25 00:00:00','2020-11-23 00:00:00'),(17,'测试','a\'s\'da\'dasdad',3,3,4,'','2020-11-25 00:00:00','2020-11-23 00:00:00'),(18,'测试','a\'s\'da\'dasdad',3,3,5,'','2020-11-25 00:00:00','2020-11-23 00:00:00'),(19,'测试','a\'s\'da\'dasdad',3,3,5,'','2020-11-25 00:00:00','2020-11-23 00:00:00'),(20,'测试','a\'s\'da\'dasdad',3,3,5,'','2020-11-25 00:00:00','2020-11-23 00:00:00'),(21,'测试','a\'s\'da\'dasdad',3,3,5,'','2020-11-25 00:00:00','2020-11-23 00:00:00'),(22,'测试','a\'s\'da\'dasdad',3,3,5,'','2020-11-25 00:00:00','2020-11-23 00:00:00'),(23,'测试','a\'s\'da\'dasdad',3,3,1,'','2020-11-25 00:00:00','2020-11-23 00:00:00'),(24,'测试','a\'s\'da\'dasdad',3,3,1,'','2020-11-25 00:00:00','2020-11-23 00:00:00'),(25,'测试','a\'s\'da\'dasdad',3,3,1,'','2020-11-25 00:00:00','2020-11-23 00:00:00'),(26,'展示测试','',1,1,2,'','2020-11-11 00:00:00',NULL),(27,'展示测试','',1,1,2,'','2020-11-11 00:00:00',NULL),(28,'展示测试','',1,1,2,'','2020-11-11 00:00:00',NULL),(29,'展示测试','',1,1,2,'','2020-11-11 00:00:00',NULL),(30,'展示测试','',1,1,2,'','2020-11-11 00:00:00',NULL),(31,'展示测试','',1,1,2,'','2020-11-11 00:00:00',NULL),(32,'展示测试','',1,1,2,'','2020-11-11 00:00:00',NULL),(33,'展示测试','',1,1,2,'','2020-11-11 00:00:00',NULL),(34,'展示测试','',1,1,1,'','2020-11-11 00:00:00',NULL),(35,'展示测试','',1,1,1,'','2020-11-11 00:00:00',NULL),(36,'展示测试','',1,1,1,'','2020-11-11 00:00:00',NULL),(37,'展示测试','',1,1,1,'','2020-11-11 00:00:00',NULL),(38,'展示测试','',1,1,1,'','2020-11-11 00:00:00',NULL),(39,'展示测试','',1,1,1,'','2020-11-11 00:00:00',NULL),(40,'展示测试','',1,1,1,'','2020-11-11 00:00:00',NULL),(41,'展示测试','',1,1,1,'','2020-11-11 00:00:00',NULL),(42,'展示测试','',1,1,3,'','2020-11-11 00:00:00',NULL),(43,'展示测试','',1,1,3,'','2020-11-11 00:00:00',NULL),(44,'展示测试','',1,1,3,'','2020-11-11 00:00:00',NULL),(45,'展示测试','',1,1,3,'','2020-11-11 00:00:00',NULL),(46,'展示测试','',1,1,3,'','2020-11-11 00:00:00',NULL),(47,'展示测试','',1,1,3,'','2020-11-11 00:00:00',NULL),(48,'展示测试','',1,1,3,'','2020-11-11 00:00:00',NULL),(49,'展示测试','',1,1,4,'','2020-11-11 00:00:00',NULL),(50,'展示测试','',1,1,4,'','2020-11-11 00:00:00',NULL),(51,'展示测试','',1,1,4,'','2020-11-11 00:00:00',NULL),(52,'展示测试','',1,1,4,'','2020-11-11 00:00:00',NULL),(53,'展示测试','',1,1,4,'','2020-11-11 00:00:00',NULL),(54,'展示测试','',1,1,4,'','2020-11-11 00:00:00',NULL),(55,'展示测试','',1,1,4,'','2020-11-11 00:00:00',NULL),(56,'展示测试','',1,1,5,'','2020-11-11 00:00:00',NULL),(57,'展示测试','',1,1,5,'','2020-11-11 00:00:00',NULL),(58,'展示测试','',1,1,5,'','2020-11-11 00:00:00',NULL),(59,'展示测试','',1,1,5,'','2020-11-11 00:00:00',NULL),(60,'展示测试','',1,1,5,'','2020-11-11 00:00:00',NULL),(61,'展示测试','',1,1,5,'','2020-11-11 00:00:00',NULL),(62,'展示测试','',1,1,5,'','2020-11-11 00:00:00',NULL),(64,'个人测试任务','测试个人任务模块信息展示功能',608,608,4,'','2020-11-18 00:00:00','2020-12-26 00:00:00'),(65,'个人测试任务','测试个人任务模块信息展示功能',608,608,4,'','2020-11-18 00:00:00','2020-12-26 00:00:00'),(66,'个人测试任务','测试个人任务模块信息展示功能',608,608,2,'','2020-11-18 00:00:00','2020-12-26 00:00:00'),(67,'个人测试任务','测试个人任务模块信息展示功能',608,608,2,'','2020-11-18 00:00:00','2020-12-26 00:00:00'),(68,'展示任务测试','',608,608,3,'','2020-11-24 00:00:00','2020-11-25 00:00:00'),(69,'展示任务测试','',608,608,1,'','2020-11-24 00:00:00','2020-11-25 00:00:00'),(70,'展示任务测试','',608,608,1,'','2020-11-24 00:00:00','2020-11-25 00:00:00'),(71,'展示任务测试','',608,608,5,'','2020-11-24 00:00:00','2020-11-25 00:00:00'),(72,'展示任务测试','',608,608,5,'','2020-11-24 00:00:00','2020-11-25 00:00:00'),(73,'展示任务测试','',608,608,4,'','2020-11-24 00:00:00','2020-11-25 00:00:00'),(74,'展示任务测试','',608,608,4,'','2020-11-24 00:00:00','2020-11-25 00:00:00'),(75,'展示任务测试','',608,608,4,'','2020-11-24 00:00:00','2020-11-25 00:00:00');
/*!40000 ALTER TABLE `task` ENABLE KEYS */;
UNLOCK TABLES;

--
-- Table structure for table `train`
--

DROP TABLE IF EXISTS `train`;
/*!40101 SET @saved_cs_client     = @@character_set_client */;
/*!50503 SET character_set_client = utf8mb4 */;
CREATE TABLE `train` (
  `id` int NOT NULL AUTO_INCREMENT,
  `employee_id` varchar(255) DEFAULT NULL COMMENT '培训员工',
  `train_content` varchar(255) DEFAULT NULL COMMENT '培训内容',
  `train_date` datetime NOT NULL COMMENT '培训日期',
  `remark` varchar(255) DEFAULT NULL COMMENT '备注',
  PRIMARY KEY (`id`)
) ENGINE=InnoDB DEFAULT CHARSET=utf8mb4 COLLATE=utf8mb4_0900_ai_ci COMMENT='员工培训表';
/*!40101 SET character_set_client = @saved_cs_client */;

--
-- Dumping data for table `train`
--

LOCK TABLES `train` WRITE;
/*!40000 ALTER TABLE `train` DISABLE KEYS */;
/*!40000 ALTER TABLE `train` ENABLE KEYS */;
UNLOCK TABLES;

--
-- Table structure for table `vacation`
--

DROP TABLE IF EXISTS `vacation`;
/*!40101 SET @saved_cs_client     = @@character_set_client */;
/*!50503 SET character_set_client = utf8mb4 */;
CREATE TABLE `vacation` (
  `id` int NOT NULL AUTO_INCREMENT,
  `applicant` int NOT NULL COMMENT '申请人',
  `department_id` int NOT NULL COMMENT '所属部门',
  `vacation_reason` text COMMENT '请假原因',
  `start_time` datetime NOT NULL,
  `end_time` datetime NOT NULL,
  `remark` varchar(255) DEFAULT NULL,
  `approval_status` tinyint NOT NULL DEFAULT '0',
  `create_time` datetime NOT NULL COMMENT '申请时间',
  PRIMARY KEY (`id`)
) ENGINE=InnoDB AUTO_INCREMENT=14 DEFAULT CHARSET=utf8mb4 COLLATE=utf8mb4_0900_ai_ci;
/*!40101 SET character_set_client = @saved_cs_client */;

--
-- Dumping data for table `vacation`
--

LOCK TABLES `vacation` WRITE;
/*!40000 ALTER TABLE `vacation` DISABLE KEYS */;
INSERT INTO `vacation` VALUES (1,609,7,'测试','2020-11-26 12:06:28','2020-11-26 12:06:31','无',1,'2020-11-26 12:06:39'),(2,608,7,'个人信息测试','2020-11-26 21:42:43','2020-11-26 21:42:46','测试请假功能',2,'2020-11-26 21:43:02'),(4,609,7,'测试普通账号请假功能','2020-11-27 00:00:00','2020-12-01 00:00:00','测试普通账号请假功能',0,'2020-11-27 11:33:16'),(5,608,7,'测试数据','2020-11-28 00:00:00','2020-11-25 00:00:00','测试数据',2,'2020-11-27 11:47:01'),(6,608,7,'测试修改功能','2020-11-27 00:00:00','2020-11-25 00:00:00','测试数据',1,'2020-11-27 11:47:02'),(7,608,7,'测试数据','2020-11-28 00:00:00','2020-11-25 00:00:00','测试数据',2,'2020-11-27 11:47:02'),(8,608,7,'测试数据','2020-11-28 00:00:00','2020-11-25 00:00:00','测试数据',2,'2020-11-27 11:47:02'),(9,608,7,'测试数据','2020-11-28 00:00:00','2020-11-25 00:00:00','测试数据',1,'2020-11-27 11:47:02'),(10,608,7,'测试数据','2020-11-28 00:00:00','2020-11-25 00:00:00','测试数据',1,'2020-11-27 11:47:02'),(11,608,7,'测试数据','2020-11-28 00:00:00','2020-11-25 00:00:00','测试数据',1,'2020-11-27 11:47:02'),(12,608,7,'测试','2020-11-27 00:00:00','2020-11-27 00:00:00','测试',1,'2020-11-27 12:11:30');
/*!40000 ALTER TABLE `vacation` ENABLE KEYS */;
UNLOCK TABLES;
/*!40103 SET TIME_ZONE=@OLD_TIME_ZONE */;

/*!40101 SET SQL_MODE=@OLD_SQL_MODE */;
/*!40014 SET FOREIGN_KEY_CHECKS=@OLD_FOREIGN_KEY_CHECKS */;
/*!40014 SET UNIQUE_CHECKS=@OLD_UNIQUE_CHECKS */;
/*!40101 SET CHARACTER_SET_CLIENT=@OLD_CHARACTER_SET_CLIENT */;
/*!40101 SET CHARACTER_SET_RESULTS=@OLD_CHARACTER_SET_RESULTS */;
/*!40101 SET COLLATION_CONNECTION=@OLD_COLLATION_CONNECTION */;
/*!40111 SET SQL_NOTES=@OLD_SQL_NOTES */;

-- Dump completed on 2020-11-28 12:16:30
